id,name,chef,street,zip,city,metro_station,metro_line,latitude,longitude,type,cuisine,budget,website,description_short,description_long,image_url,extracted_at
1,L'Assiette,,"181, Rue du Château",75014,Paris,Alesia,4,48.8334157,2.3240673,La Table,Français,3,https://restaurant-lassiette.paris/,David Rathgeber nous sert une cuisine familiale dans une ambiance de bistrot décontracté.,"Joue de bœuf braisée, cassoulet gargantuesque, David Rathgeber sert une cuisine qui rassasie le corps et l'esprit ! On s'installe sur un coin de table, dans la salle à la déco joyeusement chargée avec vue sur la cuisine semi-ouverte, pour s'envoyer des recettes franches du collier.",http://trestresbon.fr/wp-content/uploads/2020/11/5fa2e02fc8ce1.png,2026-02-06T16:55:40.905273
2,Aux Lyonnais,,"32, Rue Saint-Marc",75002,Paris,Richelieu - Drouot,8,48.870741,2.338718,La Table,Français,4,https://www.auxlyonnais.com/,FeGH nous montre comment cuire une poularde en vessie !,"Cuire une poularde dans une vessie, un défi pour notre Fegh ! Charlotte Bringant, la cheffe du bistrot Aux Lyonnais, nous guide pour réaliser pour ce geste de cuisine hautement traditionnelle.",http://trestresbon.fr/wp-content/uploads/2020/11/5fa2e3feb5878.jpg,2026-02-06T16:55:40.905289
3,Pottoka,,"4, Rue de l’exposition",75007,Paris,École Militaire,8,48.8581265,2.3025678,La Table,Français,2,https://pottoka.fr/,On part en cuisine avec le txangurro : l'araignée de mer à la mode basque !,"On retrouve Louise Jacob dans les cuisines de Pottoka pour préparer une spécialité basque : le txangurro ! De l'araignée de mer, un peu de tomate, et de la chapelure pour faire gratiner, régalade assurée !",http://trestresbon.fr/wp-content/uploads/2020/11/5fa2e6363763e.jpg,2026-02-06T16:55:40.905294
4,Aglio e olio,,"5, Rue Guillaume Bertrand",75011,Paris,Rue Saint-Maur,3,48.8634143,2.3798308,La Table,Français,2,https://www.aglioeolio.fr,"Crème pâtissière et pignons emprisonnés dans une pâte brisée, on va encore se régaler.","Parce qu'il n'y a pas que le tiramisù en Italie, le chef Andrea Maggi nous livre une recette sucrée de son enfance !",http://trestresbon.fr/wp-content/uploads/2020/11/5fa2e7ca4e19c.jpg,2026-02-06T16:55:40.905297
5,Benoît Castel,,"150, Rue de Ménilmontant",75020,Paris,Pelleport,31,48.86810241461343,2.401435375213623,Bec sucré,Boulangerie,1,http://benoitcastel.com/,Benoît Castel nous met la main à la pâte feuilletée : suivez le chef !,"Pâte feuilletée simple ou inversée ? Benoît Castel nous apprend à les différencier et à les confectionner. Farine, beurre et huile de coude : à vos rouleaux !",http://trestresbon.fr/wp-content/uploads/2020/11/5fa2ea6c5f6ff.png,2026-02-06T16:55:40.905300
6,Fulgurances,,10 rue Alexandre Dumas,75011,Paris,,0,48.8529311,2.389864,La Table,Français,3,https://fulgurances.com/les-restaurants/ladresse-paris/,Une maison qui change de chefs tous les 6 mois pour laisser s'exprimer le meilleur de la planète culinaire !,Les chefs suivent et ne se ressemblent pas dans cette adresse au service impeccable et à la carte des vins très bien pensée !,http://trestresbon.fr/wp-content/uploads/2020/11/5fa2ed0ae989f.jpg,2026-02-06T16:55:40.905303
7,Mulino Mulè,,"25, Rue Sainte-Marthe",75010,Paris,Belleville,2,48.874196,2.3723359,La Table,Français,1,https://www.mulinomule.com/,A tavola à la cantine à pasta Mulino Mulè !,Rendez-vous dans le moulin italo-parigo Mulino Mulè pour distinguer ces deux pains italiens !,http://trestresbon.fr/wp-content/uploads/2020/11/5fa2f11ed95b2.jpg,2026-02-06T16:55:40.905306
8,La Bonne Franquette,,"18, Rue Saint-Rustique",75018,Paris,Abbesses,12,48.8871194,2.3399758,La Table,Français,2,https://www.labonnefranquette.com/,FeGH découpe la tête de veau.,Le chef parigot de La Bonne Franquette découpe la tête de veau sur guéridon !,http://trestresbon.fr/wp-content/uploads/2020/11/5fa2f2cc0a221.jpg,2026-02-06T16:55:40.905309
9,La Cuillère,,"37, Rue de Montreuil",75011,Paris,Faidherbe-Chaligny,8,48.850517,2.38697,Boui-boui,Sur le pouce,1,https://lacuilleresoupesandco.metro.rest/?lang=fr,"Soupe, quiche ou tarte : bonne popote ménagère à La Cuillère !","Aux manettes, Valentina Damjanovic nous prépare une cuisine roborative et légumière ! L'autre midi, montagne de lasagne saumon-épinard et mozza filante, le tout pour 11 €.",http://trestresbon.fr/wp-content/uploads/2020/11/5fa307ff3b473.jpg,2026-02-06T16:55:40.905312
10,Koikonboi ?,,"58, Rue Custine",75018,Paris,Lamarck-Caulaincourt,12,48.8897837,2.3437,Cave,Vins,2,https://www.instagram.com/koikonboi/?hl=fr,Koikonboi à l'apéro ? Gwilherm trouve la réponse dans cette cave du 18e.,"Notre chroniqueur vin se fait conseiller deux cuvées natures : un orange et un rouge. Et c'est Etienne Piketty, producteur du Rosé Posey, qui se charge de déguster !",http://trestresbon.fr/wp-content/uploads/2020/11/5fa308c1efb42.jpg,2026-02-06T16:55:40.905318
11,Le Mezze du Chef,,"80, Rue de Ménilmontant",75020,Paris,Ménilmontant,2,48.8687917,2.3906549,Boui-boui,Turque,1,https://www.facebook.com/pages/Le%20Mezze%20du%20Chef%20Cig%20Kofte/213763119227819/,Le mezze du chef nous régale avec sa spécialité : les cig köfte.,"Florilège de mezze et cig köfte, le tout en version végé !",http://trestresbon.fr/wp-content/uploads/2020/11/5fa309600c093.jpg,2026-02-06T16:55:40.905321
12,La Cantine Chinoise,,"16, Rue de Belleville",75020,Paris,Belleville,2,48.8724576,2.378872,Boui-boui,Chinois,1,http://www.lacantinechinoise.fr/?lang=fr,Les saveurs de la Chine au prix de la cantine !,Douceur des raviolis ou ardeur du poulet à la sichuanaise : toutes les saveurs sont dans ce boui-boui bellevillois !,http://trestresbon.fr/wp-content/uploads/2020/11/5fa309f604bcb.jpg,2026-02-06T16:55:40.905324
13,Colombia Pan,,"83, Rue Sedaine",75011,Paris,Voltaire,9,48.8585416,2.3779261,Boui-boui,Colombien,1,https://www.facebook.com/pages/category/Colombian-Restaurant/Colombia-PAN-1982790392032791/,"Ce midi, on part en Colombie pour le boui-boui !","Soupe de porc, banane plantain, haricots blancs : on mange toute la Colombie à petit-prix !",http://trestresbon.fr/wp-content/uploads/2020/11/5fa30a67dcc3d.jpg,2026-02-06T16:55:40.905327
14,Lolo Cave,,"12, Rue de Châteaudun",75009,Paris,Notre-Dame-de-Lorette,12,48.8760122,2.3404517,Cave,Vins,2,https://www.lolocaveamanger.fr/,Bien beaux goulots et tapas qui tabassent chez Lolo !,Une cave de marteau et des tapassiettes envoyées par Antonin Girard : on met le turbo pour s'installer chez Lolo !,http://trestresbon.fr/wp-content/uploads/2020/11/5fa440d6d9417.jpg,2026-02-06T16:55:40.905330
15,Il Marchese,,"209, Rue du Faubourg Saint-Martin",75010,Paris,Louis Blanc,7,48.8804402,2.3641369,Boui-boui,Italien,1,https://www.ilmarchesetraiteur.com/,"Des arancini aux raviolis, toute l'Italie dans un boui-boui !",Les deux tenanciers nous régalent d'humour et de spécialités romaines et bolognaises ! Pour le déjeuner: tortellinis arrosés d'un verre de lambrusco ou formule entrée/plat à 10 € !,http://trestresbon.fr/wp-content/uploads/2020/11/5fa442a49a0c1.jpg,2026-02-06T16:55:40.905332
16,Chez Nouilles,,"1, Rue Faidherbe",75011,Paris,Faidherbe-Chaligny,8,48.8506604,2.3841726,Boui-boui,Nouilles,1,https://www.facebook.com/Chez-nouille-609322209157274/,"Chez M. Wang, c'est nouilles maison !","Légumes frais, bouillon de bœuf et nouilles façonnées à la main, un déjeuner à se slurper les babines !",http://trestresbon.fr/wp-content/uploads/2020/11/5fa443a0394f9.jpg,2026-02-06T16:55:40.905335
17,Barricou,,"1, Boulevard du Temple",75003,Paris,Filles du Calvaire,8,48.863148,2.366444,Boui-boui,Bistrot,1,https://www.lebarricou.fr/,Plat du jour ou sandwich : le barricou casse la baraque à tous les coups !,"Saucisse/lentilles du Puy, un verre de rouge et un café bio : c'est l'équation réussie de ce midi boui-boui !",http://trestresbon.fr/wp-content/uploads/2020/11/5fa44465b4386.jpg,2026-02-06T16:55:40.905338
18,Substrats,,"125, Rue de Meaux",75019,Paris,Laumière,5,48.8848547,2.3792781,Cave,Vins,2,https://www.instagram.com/substratscaviste/,On récolte du bon jaja chez Substrats !,"Le fondateur des lieux, David Mayeux, saura vous guider parmi une sélection à 95% nature. Avec une fourchette des prix qui s'étend de 7 à 250 €, Substrats ravie tous les budgets.",http://trestresbon.fr/wp-content/uploads/2020/11/5fa445b068259.jpg,2026-02-06T16:55:40.905341
19,Royal China,,"85, Rue Beaubourg",75003,Paris,Arts et Métiers,3,48.8640763,2.3548918,Boui-boui,Chinois,1,https://www.thefork.fr/restaurant/le-royal-china-r272761,Direction Royal China pour apprendre à déguster les xiao long baos !,"Du canard laqué en vitrine, aux raviolis derrière le comptoir, tout nous fait envie dans ce boui-boui !",http://trestresbon.fr/wp-content/uploads/2020/11/5fa4465bef4a3.jpg,2026-02-06T16:55:40.905344
20,Bacillus,,"100, Rue des Dames",75017,Paris,Rome,2,48.88281,2.3172154,Bec sucré,Boulangerie,1,https://www.bacillus.paris/,"Belles miches et croissants bien roulés, Bacillus a de sacrés atouts !","Gros pains, roulé à la cannelle ou croissant à l'amande, tout pour faire saliver les becs sucrés chez Bacillus !",http://trestresbon.fr/wp-content/uploads/2020/11/5fa44763e556b.jpg,2026-02-06T16:55:40.905348
21,Ama Siam,,"49, Rue de Belleville",75019,Paris,Belleville,2,48.8731455,2.380934,Street-food,Asiatique,2,https://www.instagram.com/amasiam.paris/?hl=fr,"Du Laos à la Chine, les totems de la cuisine asiatique avec des produits locaux !","Tofu ou poulet, sur place ou à emporter, laotien ou chinois. Ama siam nous sied à ravir !",http://trestresbon.fr/wp-content/uploads/2020/11/5fa4487d2d484.jpg,2026-02-06T16:55:40.905351
22,Oui mon général !,,"14, Rue du Général Bertrand",75007,Paris,Duroc,10,48.8478379,2.3131478,La Table,Bistrot,2,http://www.oui-mon-general.fr/,Stéphane Reynaud dresse ses petits plats au garde-à-vous chez Oui mon Général !,"Sacré ripaille, bonne cochonnaille et fritures de poiscaille en vue ! Tout pour se faire une bonne boustifaille chez Oui mon Général !",http://trestresbon.fr/wp-content/uploads/2020/11/5fa44963b4d12.jpg,2026-02-06T16:55:40.905354
23,BMK Folie-Bamako,,"40, Rue Jean-Pierre Timbaud",75011,Paris,Parmentier,3,48.8661118,2.3717911,Street-food,Africain,2,https://www.bmkparis.com/,"Spécialités africaines et plats fusions, c'est la nouvelle adresse de BMK !","Classique mafé ou cuisine africaine revisitée, la deuxième adresse de BMK nous fait manger épicé et coloré ! Sur place ou à emporter.",http://trestresbon.fr/wp-content/uploads/2020/11/5fa44a1a5f02e.jpg,2026-02-06T16:55:40.905356
24,Le Mermoz,,16 rue Jean Mermoz,75008,Paris,Saint-Philippe-du-Roule,9,48.8707146,2.3116,La Table,Français,3,https://www.luckymiam.com/restaurant-le-mermoz-paris-8eme/,Nouveau chef pour cette adresse de l'ouest parisien. Déco chic et cuisine pointue : des assiettes raffinées jusqu'aux desserts de pâtissier !,Thomas Graham est derrière les fourneaux de ce bistrot chic. Une belle carte des vins (souvent natures) est à signaler !,http://trestresbon.fr/wp-content/uploads/2020/11/5fa44acdefac2.jpg,2026-02-06T16:55:40.905361
25,Boulangerie Pajol,,"17, Rue Marc Seguin",75018,Paris,Max Dormoy,12,48.8919083,2.36314,Le panier,Boulangerie,1,https://boulangerie-pajol.eatbu.com/?lang=fr,Du très très bon pain chez Pajol !,"Pain au levain, farines paysannes et rendu optimal, Pajol a tout pour plaire !",http://trestresbon.fr/wp-content/uploads/2021/06/60b7587f8393c.jpg,2026-02-06T16:55:40.905364
26,Basis,,"79, Rue de Belleville",75019,PARIS,Pyrénées,11,48.87378169999999,2.3838306,Street-food,Sur le pouce,2,https://www.instagram.com/basis.paris/?hl=fr,"Chez Basis, c'est retour aux basiques : du kebab mais du très très bon !",Mina nous embarque à Belleville pour déguster un kebab aux produits finement sourcés.,http://trestresbon.fr/wp-content/uploads/2021/05/60ad055d86d16.png,2026-02-06T16:55:40.905366
27,La Cave de Montreuil,,"37, Rue de l’Église",93100,Montreuil,Mairie de Montreuil,9,48.8639405,2.4439115,Cave,Vins,2,https://cavedemontreuil.com,Gwilherm se fait un accord avec les vins de la Cave de Montreuil et il met tout le monde d'accord !,"Nature, bio ou vivant.. une chose est sûre c’est qu’ils sont très bons !",http://trestresbon.fr/wp-content/uploads/2021/05/60a6266716a37.png,2026-02-06T16:55:40.905370
28,Dilia La Cave,,"30, Rue Etienne Dolet",75020,Paris,Ménilmontant,0,48.8678965,2.3851618,Cave,Vins,2,https://www.dilialacave.fr/contact/,"Entre France et Italie, Gwilherm choisit ses quilles dans cette cave du 20e arrondissement de Paris.",Notre pro des goulots met le sommelier Gabriele Rosa Brusin au boulot !,http://trestresbon.fr/wp-content/uploads/2021/05/60a62b7272eca.png,2026-02-06T16:55:40.905373
29,Les Naturistes,,"57, Rue Ramey",75018,Paris,Marcadet-Poissoniers,4,48.8903048,2.3453222,Cave,Vins,2,https://www.instagram.com/cave_les_naturistes/,"Chasser le naturel, il revient au goulot !",Le dandy du goulot dégoupille les quilles de la cave Les Naturistes en compagnie du sommelier Matthias Maynard.,http://trestresbon.fr/wp-content/uploads/2021/05/60a62e8b1dcac.png,2026-02-06T16:55:40.905376
30,Chez Michel,,10 rue de Belzunce,75010,Paris,Gare du Nord,4,48.879539,2.3523038,La Table,Français,3,https://www.restaurantchezmichel.fr,"À deux pas de Gare du Nord, Chez Michel remet au goût du jour la bistronomie parisienne !","Aux fourneaux, on retrouve le chef punk japonais Masa Filadelfo. Risotto, navarin d’agneau et bouillabaisse façon chez Pierre à Tokyo, ce bistrot on y fonce au galop !",http://trestresbon.fr/wp-content/uploads/2021/05/60a63c3a7dfc6.png,2026-02-06T16:55:40.905380
32,Bonne Femme Le Marché,,"5, Rue du Marché Ordener",75010,Paris,Guy Môquet,13,48.8943737,2.3343492,Street-food,Sur le pouce,2,https://www.bonnefemmetraiteur.com/,"Pour les adeptes de green, Bonne femme apporte une note de fraicheur à vos sandwichs.","Sandwichs cuisinés, salades, taboulés, réalisés avec des produits sourcés. Mina nous embarque pour une pause sandwich 100 % végétarienne.",http://trestresbon.fr/wp-content/uploads/2021/05/60a6692328d61.png,2026-02-06T16:55:40.905383
33,Le Severo,,"8, Rue des Plantes",75014,Paris,Mouton-Duvernet,4,48.8319818,2.3245712,La Table,Français,3,https://www.lesevero.fr/reservez,François-Régis Gaudry est accompagné de Jérome Gagnez pour partager les bons petits plats du bistrot parigot !,"Dans le XIVe arrondissement de Paris, le Severo prône une cuisine maison à base de viande d’exception. Avis aux viandards, il n’est jamais trop tard pour se faire un bon tartare !",http://trestresbon.fr/wp-content/uploads/2021/05/60a66d5110750.png,2026-02-06T16:55:40.905386
34,Bouillon Pigalle,,"22, Boulevard de Clichy",75018,Paris,Pigalle,2,48.8826517,2.3374635,La Table,Bistrot,1,https://bouillonservice.com,"Des plats simples et pas chers, le Bouillon Pigalle nous rappelle le plaisir de la restauration de tradition.","Œufs mayo, poireaux vinaigrette, saucisse purée, confit de canard et pommes sautées... Les plats stars des brasseries parisiennes font leur show !",http://trestresbon.fr/wp-content/uploads/2021/05/60a6742554e8c.png,2026-02-06T16:55:40.905391
35,Gros Bao,,"72, Quai de Jemmapes",75010,Paris,Goncourt,11,48.8714694,2.3657581,Street-food,Chinois,1,https://www.baofamily.co/grosbao,Rdv chez le grand-frère de Petit Bao pour découvrir le b.a-ba du bao !,"Bao bien bombé, aubergines caramélisées, riz sauté, on est carrément baba de Gros Bao.",http://trestresbon.fr/wp-content/uploads/2021/05/60a674e69d9ae.png,2026-02-06T16:55:40.905394
36,Shandika,,"6, Rue Léopold Bellan",75002,Paris,Sentier,0,48.86650969999999,2.346695200000001,Boui-boui,Asiatique,1,http://shandika.com/,"Avec Shandika Traiteur, on part pour un voyage au Sri-Lanka haut en saveur.","Au menu : poulet devilled et bonne dose d'épices, le tout pour 11€. Accrochez vos papilles !",http://trestresbon.fr/wp-content/uploads/2021/05/60a67e1ecc313.jpg,2026-02-06T16:55:40.905398
37,Mama Nissa,,"14, Rue Mandar",75002,Paris,Sentier,3,48.8658227,2.3453006,Street-food,Algérien,2,https://www.mamanissa.fr/,"Chez Mama Nissa, c'est une affaire familiale et des spécialités algériennes !","Mina nous emmène aux 4 coins de l'Algérie pour déguster la cantica : un flan aux pois chiches accompagné d'une harissa maison.
Une cuisine riche et variée qui change des plus classiques couscous et tajine.",http://trestresbon.fr/wp-content/uploads/2021/05/60a68764ebcd4.png,2026-02-06T16:55:40.905401
38,Grain de Riz,,"49, Rue Godefroy Cavaignac",75011,Paris,Voltaire,9,48.8570559,2.3798544,Boui-boui,Vietnamien ,1,http://legrainderiz.free.fr/,"Au Grain de Riz, on se casse la graine avec un beau-bun !","Bo bun, nems au poulet ou au bœuf, toutes les saveurs vietnamiennes sont chez Grain de Riz !",http://trestresbon.fr/wp-content/uploads/2021/05/60a68e2adb4c6.jpg,2026-02-06T16:55:40.905404
39,Penny Lane,,"18, Rue du Faubourg Poissonnière",75010,Paris,Bonne nouvelle,8,48.8720715,2.3480172,Street-food,Méditerranéen,2,https://www.instagram.com/pennylaneparis/?hl=fr,Une sandwicherie aux accents méditerranéen en plein Xe arrondissement  !,"Pour quelques penny, on déguste un sabich généreusement garni d'aubergines frites, œufs durs et chou, le tout nappé d'une des quatre sauces maison.",http://trestresbon.fr/wp-content/uploads/2021/05/60a777bcd43f8.png,2026-02-06T16:55:40.905408
40,La petite cuisine de Sandrine,,"89, Bis rue du Dessous des Berges",75013,Paris,Bibliothèque François Mitterand,14,48.8279465,2.3733419,Boui-boui,Français,1,http://www.lapetitecuisinedesandrine.paris/,"Du fait maison et des produits made in Loiret : la cantine à la francaise, c'est chez la petite cuisine de Sandrine !","Chez Sandrine, la carte change chaque semaine. Ce qui ne change pas ce sont les produits locaux, la cuisine fait-maison, et l'accueil chaleureux. 13 € la formule entrée/plat dessert avec une soupe carotte/coco, une tarte patate douce/mozza et un cake rhubarbe.",http://trestresbon.fr/wp-content/uploads/2021/05/60a7827f5e331.jpg,2026-02-06T16:55:40.905413
41,Sarra Deli,,"10, Rue Mandar",75002,Paris,Sentier,3,48.8657439,2.3458021,Street-food,Sur le pouce,2,https://www.sarradeli.com/,La maison du Sarrasin se transforme en comptoir take-away et régale les petites faims du quartier Montorgueil  !,Baguette ou sando ? Pesto ou mayo ? Toutes les saveurs newyorkaises sont réunies dans ces sandwichs bien garnis !,http://trestresbon.fr/wp-content/uploads/2021/05/60a7940b383d1.png,2026-02-06T16:55:40.905416
42,Patachoux,,"69, Boulevard Beaumarchais",75003,Paris,Chemin Vert,8,48.8579821,2.3676032,Bec sucré,Boulangerie,1,https://patachoux-paris.com/,"La crème des crèmes des choux, c'est chez Patachoux !","Maximilien Spiteri, l'homme à tête de choux, nous emmène  découvrir la traditionnelle chouquette et son pendant salé : la gougère . De quoi nous rendre chouchou de ces petits choux !",http://trestresbon.fr/wp-content/uploads/2021/05/60a7ba232e07b.png,2026-02-06T16:55:40.905418
43,Boris Lumé,,"48, Rue Caulaincourt",75018,Paris,Lamarck Caulaincourt,12,48.888983,2.3348452,Bec sucré,Boulangerie,1,https://www.instagram.com/boris_lume/?hl=fr,"Quant il s'agit de prendre le chou, filez chez Boris Lumé !","Venez croquer ces petits boutchoux fourrés à la crème diplomate vanille. Pour les adeptes du régime, fuyez !",http://trestresbon.fr/wp-content/uploads/2021/05/60a7c16e1ac26.png,2026-02-06T16:55:40.905421
44,Parsley,,"47, Rue des Trois Bornes",75011,Paris,Courrones,2,48.8675663,2.3751982,Street-food,Méditerranéen,1,https://www.parsleyparis.fr/,"Pita, halloumi, schnitzel : Parsley, c'est le meilleur de la street-food levantine !","Falafels, aubergines grillées et patates douces cuisinées façon François-Régis. La cuisine méditerranéenne concentrée en un sandwich !",http://trestresbon.fr/wp-content/uploads/2021/05/60a7ccbc0ea3f.png,2026-02-06T16:55:40.905424
45,Le Saint Sébastien,,"42, Rue Saint Sébastien",75011,paris,Saint-Ambroise,9,48.8615244,2.3710561,La Table,Français,3,https://www.lesaintsebastien.paris/informations-contact/,"Inutile de se vouer à tous les saints, Saint Sébastien répond à toutes vos prières culinaires !","Le chef Christopher Edwards nous mitonne une cuisine moderne aux accents sud-américain, accompagnée d'une sélection de quilles approuvé par notre expert du verre Gwilherm !",http://trestresbon.fr/wp-content/uploads/2021/05/60a7cde41f063.png,2026-02-06T16:55:40.905427
46,Louie Louie,,"78, Rue de Charonne",75011,paris,Charonne,9,48.8535006,2.3803633,La Table,Italien,2,https://www.louielouie.paris/7/reservations,"Pizzas, cocktail et vin naturel : on dit oui à Louie Louie !","Chez Louie Louie, la farine est bio, la fermentation est longue et le plaisir est maximal. On s'envoie une sainte trinité marinara / tiramisù / negroni et tout est dit !",http://trestresbon.fr/wp-content/uploads/2021/05/60acf7662ff72.png,2026-02-06T16:55:40.905429
47,Cinq Sens,,"114, Rue Saint-Charles",75015,Paris,Charles Michels,10,48.844761,2.2836169,Bec sucré,Pâtisserie,2,https://cinqsensparis.com/#/commande-en-ligne/bons-plans/nos-produits,"Pour les mordus de pâtisserie, Cinq Sens c'est une promenade sensorielle.","Le chef pâtissier Nicolas Paciello crée ses gâteaux en jouant avec les 5 sens. Pour s'émoustiller les papilles, on embarque la tarte tatin ou l'éclair tout choco 100% produits locaux !",http://trestresbon.fr/wp-content/uploads/2021/05/60ad03bdb1709.png,2026-02-06T16:55:40.905432
48,Cookidiction,,"49, Avenue Mozart",75016,Paris,Jasmin,9,48.8550197,2.269977,Bec sucré,Boulangerie,2,https://www.cookidiction.com/,"Cookidiction, c'est le cookie junk par excellence !","Cookie 100% homemade, moelleux à souhait et protégé par une jolie boîte de conservation. L'adresse parfaite pour un goûter entre amis !",http://trestresbon.fr/wp-content/uploads/2021/05/60ad0f2a0db64.png,2026-02-06T16:55:40.905435
49,Caro Diaro,,"17, Rue Damrémont",75018,Paris,Lamarck Caulaincourt,12,48.8884146,2.3328307,Bec sucré,Boulangerie,1,https://carodiarioparis.com/,"Sur place ou à emporter, la pause cookie c'est chez Caro Diaro !","Farine des Yvelines, chocolat sourcé en direct par Original beans et  noisettes bio du Piémont, le tout pour une pâte à cookie mi cuite !",http://trestresbon.fr/wp-content/uploads/2021/05/60ad19ad5d003.png,2026-02-06T16:55:40.905439
50,Madame Charlotte,,"7, Rue du Grand Prieuré",75011,Paris,Filles du Calvaire,8,48.8649502,2.3689694,Bec sucré,Boulangerie,2,https://www.madamecharlotte.fr/,"Pour tous ceux qui aiment leurs cookies bien croustillants à l'extérieur, hyper fondant à l'intérieur, venez croquer les cookies de Madame Charlotte !","Chocolat encore coulant qui salit les mains ou oranges confites, les cookies de Madame Charlotte conviennent autant pour les besoins de goûters quotidiens des enfants que pour les envies gourmandes des parents !",http://trestresbon.fr/wp-content/uploads/2021/05/60ad1facecd37.png,2026-02-06T16:55:40.905443
51,Mao Dumpling Bar,,"28, Rue Saintonge",75003,Paris,Filles du Calvaire,8,48.8622642,2.3631778,Street-food,Chinois,2,https://www.maodumplingbar.com/,Mao Dumpling Bar met à l'honneur la street food chinoise et revisite les dumplings version 2.0 !,"Le chef Adrien Zheng confectionne ces petites bouchées du nord du pays qu'on boulotte du bout des baguettes. Pour les amateurs de gras, il propose aussi un popcorn fried chicken qui craque sous la dent !",http://trestresbon.fr/wp-content/uploads/2021/05/60ad2be1d87d1.png,2026-02-06T16:55:40.905446
52,Puccia,,"171, Avenue Georges Clemenceau",92000,Nanterre,,0,48.88658299999999,2.213331,Street-food,Italien,1,https://puccia-foodtruck.fr/,"Avec le foodtruck Puccia, venez sillonner Paris en faisant un détour par le sud de l'Italie !","Dépaysement total avec ces petits pains dodus originaire des pouilles et ses garnitures à l'italienne ou new-yorkaise.
Un molto buono pour ces puccias !",http://trestresbon.fr/wp-content/uploads/2021/05/60ae146bcab8d.png,2026-02-06T16:55:40.905449
53,Wonderland,,"208, Avenue du Maine",75014,Paris,Alésia,4,48.8299707,2.3257375,Bec sucré,Pâtisserie,2,https://www.instagram.com/wonderland_patisserie_paris/?hl=fr,"Wonderland, un voyage au pays des merveilles avec des pâtisseries aux formes singulières !","Le pâtissier Rodolphe Groizard innove avec des gâteaux réalisés dans des moules qu'il crée lui-même. Cactus, carrousels en chocolat et gâteaux en forme de Moai, ses créations vont vous en mettre plein les yeux et les papilles !",http://trestresbon.fr/wp-content/uploads/2021/05/60ae2110e3034.png,2026-02-06T16:55:40.905452
54,Les Petites Pépites,,"17, Rue Saint-Marc",75002,Paris,Bourse,3,48.8703322,2.3404134,Street-food,Sur le pouce,2,https://l.instagram.com/?u=http%3A%2F%2Fjoinpulp.com%2Flespetitespepites&e=ATMInaNIkgOMcwn0dTED5U7_15mPb989oiYpglj_3_IotDqf9Sdl65G1F3Sbv3dGR3zRoEDi0AY7tJOBjmP4Hg&s=1,Les Petites Pépites sont une vraie mine d'or à sandwichs !,"Pain fait maison, produits sourcés, ces ptits dwichs portent bien leur nom !",http://trestresbon.fr/wp-content/uploads/2021/05/60ae27c1ca5fa.jpg,2026-02-06T16:55:40.905454
55,Blossom Burgers and Beers,,"26, Rue de Chabrol",75010,Paris,Poissonnière,7,48.8769976,2.3531407,Street-food,Sur le pouce,2,https://blossom-burgers-beers.business.site/,Bière and burgers chez Blossom !,"Le chef Alexandre Chapier propose des burgers avec potatoe buns, du pain à la fécule de pomme de terre : légèreté assurée ! A l'intérieur, steak de bœuf de race Aubrac ou délicieuse version veggie avec un steak à base de pois. On smash pour ces burgers !",http://trestresbon.fr/wp-content/uploads/2021/05/60ae31f5455df.jpg,2026-02-06T16:55:40.905457
56,Clem et Gwen,,"62, Boulevard Jean Jaurès",92110,Clichy,Porte de Clichy,14,48.90113909999999,2.3054946,Bec sucré,Pâtisserie,1,https://clemetgwen.com/password,"Pâtisseries classiques ou créations originales, le plus dur c'est de choisir !","Notre bec sucré succombe pour le mille-feuille, le Paris-Brest ainsi que l'exotique. Cette sélection est prête à ravir les gourmands !",http://trestresbon.fr/wp-content/uploads/2021/05/60ae5713d06d6.jpg,2026-02-06T16:55:40.905461
57,Pez,,"29, Rue Henry Monnier",75009,Paris,Saint-Georges,12,48.8807446,2.3375073,Street-food,Sur le pouce,2,https://www.pezparis.com/,"Une fraicheur iodée règne chez Pez, on plonge dans les ceviches de poisson mariné !","Direction l'Amérique du Sud pour déguster des ceviches au poisson issus d'une pêche durable. Pez se la joue cuisine caliente avec du lieu noir mariné au citron vert, au pomelo, au piment... Plutôt Papichulo, Mamacita ou Gringo ?",http://trestresbon.fr/wp-content/uploads/2021/05/60ae5f77c3cba.png,2026-02-06T16:55:40.905464
58,Sinowich,,"132, Boulevard de Belleville",75020,Paris,Courrones,2,48.8719262,2.3774774,Street-food,Chinois,1,https://www.instagram.com/sinowich_paris/?hl=fr,Team galettes chinoises ou bretonnes ? Venez goûter celles de chez Sinowich pour faire votre choix !,"Vendues dans une petite cahute, ces galettes chinoises appelées ""JianBing"" sont à déguster en version brochette ou végétarienne. 
Ce petit casse-dalle pékinois a tout pour nous faire craquer !",http://trestresbon.fr/wp-content/uploads/2021/05/60af6719f3124.png,2026-02-06T16:55:40.905467
59,Edwart Chocolatier,,"67, Rue des Dames",75017,Paris,Rome,2,48.8836293,2.3209539,Bec sucré,Chocolatier,2,https://edwart.fr/,"Accrochez vos papilles, la nouvelle boutique d'Edwin Yansané a des notes épicées !","Avec ses créations inédites, Edwart aux mains d'argents mêle grands crus de cacao et saveurs épicées. Ces petites bouchées en or vont vous faire fondre de douceur !",http://trestresbon.fr/wp-content/uploads/2021/05/60af745ad960a.png,2026-02-06T16:55:40.905470
60,Benti,,"31, Rue Léon Frot",75011,Paris,Charonne,9,48.8549005,2.3871115,Street-food,Tunisien ,2,https://www.benti-paris.fr/,"Envie d'évasion, de soleil, d'épices... Benti, c'est la Tunisie à Paris !","La street-food tunisienne est au rendez-vous avec le makloub, un sandwich fait avec un pain pizza, mozza et keftas ! On est maboul de ces makloubs !",http://trestresbon.fr/wp-content/uploads/2021/05/60af7dfcd2298.jpg,2026-02-06T16:55:40.905474
61,La Rôtisserie Gallopin,,"40, Rue Notre Dame des Victoires",75002,Paris,Bourse,3,48.8689235,2.342365,Street-food,Français,2,https://gallopin.com/rotisserie/,La Rôtisserie Gallopin revisite les classiques à la française en version street-food !,"Burgers, pitas, pâté en croûte... Tous les totems de la street-food sont à l'honneur.
La Rôtisserie Gallopin fait galoper les bons vivants !",http://trestresbon.fr/wp-content/uploads/2021/05/60af9ddf888aa.png,2026-02-06T16:55:40.905477
62,Joa Café,,"20, Boulevard des Filles du Calvaire",75011,Paris,Saint Sébastien Froissard,8,48.8619593,2.3672822,Street-food,Français,1,https://cafejoa.com/,Y'a de la joie chez Café Joa !,"Cette cantine aux influences méditerrano-israéliennes offre un sourcing irréprochable et propose des buns, des pains au lait et des bowls à la française. 
De quoi nous mettre en joie !",http://trestresbon.fr/wp-content/uploads/2021/05/60afa8ed1a891.png,2026-02-06T16:55:40.905480
63,Etsi,,"23, Rue Eugène Carrière",75018,Paris,Lamarck Caulaincourt,12,48.8903578,2.3329348,Street-food,Grecque,1,https://www.etsi-paris.fr/,Yamas chez Etsi !,"Etsi complète son offre traiteur avec son souvlaki à emporter. Pita de Grèce, brochette de porc et tzatziki maison. Evasion dans les Cyclades assurée !",http://trestresbon.fr/wp-content/uploads/2021/05/60afb3c4aeac7.png,2026-02-06T16:55:40.905482
64,Filakia,,"9, Rue Mandar",75002,Paris,Etienne Marcel,4,48.8656318,2.3455231,Street-food,Grecque,2,https://filakia.fr/,Direction Athènes avec Filakia et ses gyros !,"Le petit frère du Grand Café d'Athènes se met au souvlaki. La viande vient de la boucherie Terroirs d'Avenir et est accompagnée par un tzatziki et des frites maison. 
On est conquis par ces souvlakis !",http://trestresbon.fr/wp-content/uploads/2021/05/60afbed907a56.png,2026-02-06T16:55:40.905485
65,Union,,"2, Rue Bleue",75009,Paris,Cadet,7,48.8759316,2.3475155,Bec sucré,Boulangerie,1,https://www.instagram.com/union_boulangerie/?hl=fr,"Union, c'est l'histoire d'une reconversion qui fait la force !","La boulangerie fait le trait d'union entre le IXe et le Xe. La sélection du jour ? Chou café-tonka, cheescake citron vert et madeleine à l'orange. Becs sucrés, tenez-vous prêts !",http://trestresbon.fr/wp-content/uploads/2021/05/60afc8943e3c9.png,2026-02-06T16:55:40.905488
66,Saj,,"51, Rue de Montmorency",75003,Paris,Arts et Métiers,0,48.863543,2.3531232,Street-food,Libanais ,2,https://saj.bonkdo.com/fr/clickandcollect/,"Déjà deux restaurants à sa tête, le Chef Alan Geaam poursuit son palmarès avec Saj, la galette libanaise !","Tradition campagnarde importée en ville, les manouchés se déclinent en plusieurs versions : la classique zaatar, la viandarde kefta ou encore halloumi-soudjouk. Pas touche à ma manouche !",http://trestresbon.fr/wp-content/uploads/2021/05/60b0b4b412e5d.png,2026-02-06T16:55:40.905491
67,Mouflet,,"200, Quai de Valmy",75010,Paris,Jaurès,2,48.88153029999999,2.3686264,Street-food,Sur le pouce,2,https://www.mouflet-co.fr/mouflet/,"Au point éphémère, Mouflet l'english muffin à la française !","Produits de saison, sourcing irréprochable, démarche durable et truite fumée sur le toit. Attention que les Anglais ne leur tombent pas dessus. 
Un very good pour Mouflet !",http://trestresbon.fr/wp-content/uploads/2021/05/60b0bc6c813bf.png,2026-02-06T16:55:40.905494
68,Tipana,,"2, Rue Clément",75006,Paris,Mabillon,10,48.852593,2.3367643,Bec sucré,Pâtisserie,2,https://www.tipana-patisserienomade.com/,Tipana revisite les classiques de la pâtisserie orientale avec l'élégance du savoir-faire français !,"À l'œuvre, Dima Al Husseini travaille les dattes que sa famille cultive en Algérie. Notre bec sucré retrousse ses manches pour réaliser l'entremet El Oued, une charlotte aux dattes. Il est temps de réservez votre date chez Tipana !",http://trestresbon.fr/wp-content/uploads/2021/05/60b0c4d06b9a1.png,2026-02-06T16:55:40.905497
69,L'Arrière Cuisine,,"181, Avenue Victor Hugo",75016,Paris,Rue de la Pompe,9,48.8657311,2.2766486,Street-food,Sur le pouce,2,https://restaurant-lassiette.paris/,L'Arrière Cuisine met la street-food sur le devant de l'assiette !,"David Rathgeberg troque son tablier de chef cuisinier pour celui d'épicier bourgeois. Ses sandwichs retraçent les souvenirs de ses voyages en passant par New York et l'Asie. 
Embarquement culinaire aux quatres coins du monde !",http://trestresbon.fr/wp-content/uploads/2021/05/60b0d2720e37b.jpg,2026-02-06T16:55:40.905500
70,Kiosk,,"18, Rue Saint Fiacre",75002,Paris,Grands Boulevards,8,48.8705292,2.3458479,Street-food,Sur le pouce,2,https://www.instagram.com/rdvaukiosk/?hl=fr,Kiosk met les petits plats dans les sandwichs qui promettent d'être bien garnis et écoresponsables !,"Mina apprend comment sublimer le sandwich avec un pain maison, une douzaine de condiments, deux sauces, différentes cuissons, tout comme un vrai plat. Alors on passe à table ?",http://trestresbon.fr/wp-content/uploads/2021/05/60b0f09d2b150.png,2026-02-06T16:55:40.905504
71,Chantoiseau,,"63, Rue Lepic",75018,Paris,Abesses,12,48.8878044,2.3347482,La Table,Bistrot,2,https://www.chantoiseau-paris.fr/,"Au pied de Montmartre, Chantoiseau, ce bistrot aux allures scandinaves joue dans la simplicité avec ses deux formules déjeuner !","Butternut rôti à la badiane pour l'entrée, foi de veau sauté pour le plat et poire pochée pour le dessert. Le chef Julien Durand fait chanter les oiseaux avec ses très bon plats !",http://trestresbon.fr/wp-content/uploads/2021/05/60b0ff8269860.jpg,2026-02-06T16:55:40.905508
72,Le Stella,,"133, Avenue Victor Hugo",75016,Paris,Trocadéro,9,48.8675447,2.2806706,La Table,Brasserie,3,http://lestella.fr/,Le Stella continue de perpétuer les standars de la bistronomie parisienne depuis un siècle !,"Oeufs maillots bien costaud, tartare dar dar et tarte au fraise, cette institution reste une valeur sûre pour les endurcis de brasseries !",http://trestresbon.fr/wp-content/uploads/2021/05/60b11360d8566.jpg,2026-02-06T16:55:40.905511
73,Stohrer,,"51, Rue Montorgueil",75002,Paris,Etienne Marcel,4,48.8652534,2.3467217,Bec sucré,Pâtisserie,2,https://stohrer.fr/,La pâtisserie la plus ancienne de la capitale nous offre un voyage à remonter le temps !,"Savarin imbibé d'une délicieuse saveur ambrée alliée à une crème chantilly de folie. Pour déguster un baba au rhum d'anthologie, on file chez Stohrer !",http://trestresbon.fr/wp-content/uploads/2021/05/60b119bdd0299.png,2026-02-06T16:55:40.905514
74,Le temps et le pain,,"7, Rue Mouton-Duvernet",75014,Paris,Denfert Rochereau,4,48.8315145,2.3289708,Bec sucré,Pâtisserie,1,https://letempsetlepain.com/index.php?,Le béaba du baba fait peau neuve chez Le temps et le pain !,"Le pâtissier Ludovic Fontalirant revisite le baba comme une tarte avec des notes exotiques pour la fraicheur. Attention, on est bien loin du baba de notre enfance !",http://trestresbon.fr/wp-content/uploads/2021/05/60b4acf41c836.jpg,2026-02-06T16:55:40.905516
75,Sébastien Gaudard,,"22, Rue des Martyrs",75009,Paris,Saint-Georges,0,48.8780408,2.3396868,Bec sucré,Pâtisserie,1,http://www.sebastiengaudard.com/patisseries,"Gâteaux de voyage, glaces maison, pâtisseries d'antan, Sébastien Gaudard fait de l'art !","Du Paris-Brest aux confiseries maison, le pâtissier de talent nous régale dans son adresse du IXème arrondissement.",http://trestresbon.fr/wp-content/uploads/2021/05/60b4b74db3805.jpg,2026-02-06T16:55:40.905519
76,Sreet Bangkok,,"71, Rue du Faubourg Poissonnière",75009,Paris,Poissonnière,7,48.875937,2.3481557,Street-food,Sur le pouce,2,https://www.streetbangkok.fr/,"A l'heure de la street-food, Street Bangkok met le feu avec son poulet frit !","Il se proclame meilleur poulet frit de Paris et il y a de quoi ! Le secret de leur pain: la recette de Martins, les fameux smash burgers newyorkais de la chaine Shake Sack. Street Bangkok enflamme le dancefloor avec son fried chicken !",http://trestresbon.fr/wp-content/uploads/2021/05/60b4c0e62ca75.jpg,2026-02-06T16:55:40.905523
77,Jacques Genin,,"133, Rue de Turenne",75003,Paris,Filles du Calvaire,8,48.8644515,2.3645631,Bec sucré,Pâtisserie,1,https://jacquesgenin.fr/,"La tarte au citron-basilic de Jacques Genin, c'est pas de la tarte !","Avec son mélange citron vert et basilic, cette tarte est à elle seule une excuse pour se déplacer. Le fondeur en chocolat a trouvé le combo gagnant pour nous attirer dans le Marais.",http://trestresbon.fr/wp-content/uploads/2021/05/60b4ea14f385c.png,2026-02-06T16:55:40.905527
78,Hugo et Victor,,"40, Boulevard Raspail",75007,Paris,Sèvres-Babylone,10,48.8524742,2.326276,Bec sucré,Pâtisserie,1,https://hugovictor.com/,"Pas un zeste, on file chez Hugo et Victor !",Le pâtissier Hugues Pouget nous appâte avec ses pâtisseries jolies jolies. Des tartes qui respectent la saisonnalité et des recettes qui nous rendent accrocs. Ne repartez pas sans une part de tarte-citron !,http://trestresbon.fr/wp-content/uploads/2021/05/60b4f65582a11.jpg,2026-02-06T16:55:40.905529
79,Echo,,"95, Rue d'Aboukir",75002,Paris,Sentier,3,48.8683173,2.3485716,Street-food,Sur le pouce,2,https://www.echo-paris.com/,"De Paris à Los Angeles, Echo fait de l'ombre aux burgers californiens !","Steak de la boucherie Angus, pain de chez Martin's potato roll et sauce maison. 
Ces burgers ensoleillés méritent bien un very very good !",http://trestresbon.fr/wp-content/uploads/2021/05/60b5099ebd243.png,2026-02-06T16:55:40.905546
80,Dumbo,,"64, Rue Jean-Baptiste Pigalle",75009,Paris,Anvers,2,48.8816606,2.336966,Street-food,Sur le pouce,2,https://www.dumboparis.com/,Dumbo ramène le smash Burger à Paris !,"Tradition tout droit venu de New York, ces burgers sont composés d'un potato bun ultra moelleux, d'un steak écrasé et cuit à la plancha, et d'une sauce moutarde-ketchup. 
On smash pour Dumbo !",http://trestresbon.fr/wp-content/uploads/2021/05/60b50dda136c2.png,2026-02-06T16:55:40.905550
81,PNY Burger,,"120, Rue du Faubourg Saint Antoine",75012,Paris,Ledru Rollin,8,48.850704,2.3779493,Street-food,Sur le pouce,2,https://pnyburger.com/,"A son compteur déjà 8 adresses, PNY Burger s'impose comme une institution du burger parisien !","Tant dans son look que dans ses burgers, PNY c'est 100% made in USA. Cheddar bien choisi (petite exploitation du Somerset en Angleterre), viande juicy et sauce bbq maison, ces burgers en ont dans le bun !",http://trestresbon.fr/wp-content/uploads/2021/06/60b6029a4b6c7.png,2026-02-06T16:55:40.905553
82,Sold Out Burger,,"2, Rue Lucien Sampaix",75010,Paris,Jacques Bonsergent,5,48.8706851,2.3597796,Street-food,Sur le pouce,2,https://link.snipfeed.co/soldoutburger,Sold Out Burger fait un carton dans la tendance du smash burger !,"Potato bun, viande hachée sur place et écrasée à la cuisson, sauce maison, le match parfait. 
Venez vite avant qu'ils soient sold out !",http://trestresbon.fr/wp-content/uploads/2021/06/60b60884d0f37.png,2026-02-06T16:55:40.905556
83,Le Ruisseau,,"65, Rue Ruisseau",75018,Paris,Jules Joffrin,12,48.89445,2.340529,Street-food,Sur le pouce,2,https://www.leruisseauburger.com/,Le Ruisseau éclabousse la concurrence avec ses burgers !,"Pain maison, frites maison, viande juteuse, un tout bon pour Le Ruisseau !",http://trestresbon.fr/wp-content/uploads/2021/06/60b60e1d99afe.jpg,2026-02-06T16:55:40.905558
84,Kalimera,,"43, Rue du Château d'Eau",75010,Paris,Château d'Eau,4,48.8715375,2.3575093,Le panier,Grecque,2,,"Kalimera, l'ambassade grecque du 10e arrondissement !","Cette épicerie fine propose un voyage vers la Grèce. Au menu: olives de Throubes des îles Thasos, en passant par une salade d'aubergines la melitzanosalata.
Kalimera ne joue pas les calimero avec ses spécialités grecques !",http://trestresbon.fr/wp-content/uploads/2021/06/60b638a90b1be.png,2026-02-06T16:55:40.905561
86,COW,,"30, Boulevard Saint-Germain",75005,Paris,Cardinal Lemoine,10,48.84973429999999,2.3523076,Le panier,Fromagerie ,2,https://www.c-o-w.fr/,Tour du monde fromager chez COW comme Cheese Of the World !,"Cette crèmerie spécialisée dans les fromages étrangers nous offre un voyage gustatif à travers l'Europe, les Etats-Unis et le Canada. 
Chez Cow, c'est l'amour vache !",http://trestresbon.fr/wp-content/uploads/2021/06/60b64c8d70468.jpg,2026-02-06T16:55:40.905563
87,Mosuke,,"11, Rue Raymond Losserand",75014,Paris,Gaîté,13,48.8362689,2.3225321,La Table,Bistronomique ,4,https://mosuke-restaurant.com/,Mory Sacko allie Afrique et Japon et crée Mosuke !,"On retrouve Gwilherm, notre compagnon du goulot qui opte pour un saké japonais et un blanc des Baux de Provence. Pour le plat, entre tofu au yuzu koshu et poulet yassa revisité, attention au jet lag !",http://trestresbon.fr/wp-content/uploads/2021/06/60b6558d8931c.jpg,2026-02-06T16:55:40.905566
88,Loiseau Rive Gauche,,"5, Rue de Bourgogne",75007,Paris,Assemblée Nationale,12,48.8599589,2.3183161,La Table,Bistronomique ,3,https://www.bernard-loiseau.com/fr/,Le chef Omar Dhiab nous offre un déjeuner étoilé au sommet !,"Des amuses bouches aux miniardises, Loiseau loue une cuisine raffinée. Une envolée de douceur avec les accords mets et vins proposés. Loiseau quitte son nid pour atteindre la place de très bon !",http://trestresbon.fr/wp-content/uploads/2021/06/60b65fefa4d14.jpg,2026-02-06T16:55:40.905568
89,Jòia,,"39, Rue des Jeuneurs",75002,Paris,Grands Boulevards,9,48.8697224,2.3434919,La Table,Français,3,https://www.google.com/maps/reserve/v/dine/c/ZjP0n9am9lk?source=pa&hl=fr-FR&gei=qEm3YLHhGcPKgwf86JqIBw&sourceurl=https://www.google.fr/search?q%3Djoia%2B%26safe%3Dstrict%26client%3Dsafari%26sxsrf%3DALeKk01E8rkUll3JJ-H7tHjq9ACzqhiy4Q:1622624671046%26source%3Dhp%26ei%3Dn0m3YJdV9YmMuw_8srboDQ%26iflsig%3DAINFCbYAAAAAYLdXr5S2VwEns1k7qOOal-78jXvyXx_L%26oq%3Djoia%2B%26gs_lcp%3DCgdnd3Mtd2l6EAMyCAgAEMcBEK8BMgIIADICCAAyAggAMgQIABAKMggIABDHARCvATICCAAyAggAMgIIADICCAA6BAgjECc6BQgAELEDOggILhCxAxCDAToICAAQsQMQgwE6BQguELEDOgsIABCxAxDHARCjAjoICC4QsQMQkwI6CwgAELEDEMcBEK8BUM8CWOc_YJ9DaAFwAHgAgAGmAogBjAaSAQUyLjEuMpgBAKABAaoBB2d3cy13aXo%26sclient%3Dgws-wiz%26ved%3D0ahUKEwjXoPr4y_jwAhX1BGMBHXyZDd0Q4dUDCAs%26uact%3D5,Y'a d'la joie à la table de François-Régis Gaudry chez Jòia par Hélène Darroze !,"« Si c'est pas le bonheur, ça y ressemble ».. le mantra de la Cheffe Darroze est en parfaite adéquation avec l'ambiance de son restaurant.",http://trestresbon.fr/wp-content/uploads/2021/06/60b74d6bc11a2.png,2026-02-06T16:55:40.905571
90,Pane Vivo,,"49, Rue de la Chine",75020,Paris,Pelleport,31,48.8692197,2.3965835,Le panier,Boulangerie,2,https://panevivo.com/,"Chez Pane Vivo, le pain fait du bien aux humains et aux intestins !","Le fournil du boulanger Adriano Farano prépare son pain bio avec un levain naturel de 132 ans et un indice glycémique que même les diabétiques peuvent supporter. 
Un molto buono pour ces miches bien roulées !",http://trestresbon.fr/wp-content/uploads/2021/06/60b74e51ae9a8.png,2026-02-06T16:55:40.905573
91,Papi,,"46, Rue Richier",75009,Paris,Le Peletier,7,48.8742009,2.3437086,La Table,Italien,3,https://www.papirestaurant.fr/,"Entre Italie et Japon, Papi fait le pont.","Pizza margerita au levain naturel, pasta hudon façon caccio e pepe et pour finir pana cotta aux amandes, figues fraiches, basilic. Alors plutôt pasta ou pizza ?",http://trestresbon.fr/wp-content/uploads/2021/06/60b7573077a2d.png,2026-02-06T16:55:40.905577
92,SuperFrais,,"8, Rue Levert",75020,Paris,Jourdain,11,48.8736904,2.3905652,Le panier,Français,2,https://www.instagram.com/superfrais.superette/?hl=fr,"SuperFrais, la nouvelle épicerie-comptoir des locavors !","Ici on vient pour trouver des produits frais issu de circuits courts mais aussi pour entrenir le lien social. 
Venez faire le plein dans cette épicerie pleine de vie !",http://trestresbon.fr/wp-content/uploads/2021/06/60b75f981e74f.jpg,2026-02-06T16:55:40.905579
93,Daroco Pastificcio,,"6, Rue Vivienne",75002,Paris,Bourse,3,48.8672504,2.339061,La Table,Italien,1,https://www.daroco.fr/,La nouvelle offre de pâtes fraiches à emporter c'est Darocco Pastificcio !,"François Régis Gaudry et l'italophile Stéphane Solier se font une pasta a casa. Ragù ou amatriciana, panna cotta ou tiramisu, ça donne envie de passer à table !",http://trestresbon.fr/wp-content/uploads/2021/06/60b768a57bbc8.png,2026-02-06T16:55:40.905582
94,Botanique,,"71, Rue de la Folie Méricourt",75011,Paris,Oberkampf,5,48.8656635,2.3703891,La Table,Gastronomique ,3,http://www.botaniquerestaurant.com/,Qui a dit que végétal ne pouvait rimer avec gourmand ? Les assiettes de Botanique nous bottent !,Le chef japonais Sugio Yamaguchi cuisine une galette rustique aux légumes aussi majestueusement qu'un civet de chevreuil. Un vrai jardin gastronomique au cœur de Paris !,http://trestresbon.fr/wp-content/uploads/2021/06/60b79aff865fb.png,2026-02-06T16:55:40.905584
95,Les enfants du marché,,"39, Rue de Bretagne",75003,Paris,Filles du Calvaire,8,48.8629286,2.3621686,La Table,Français,3,https://michael2110grosman.wixsite.com/website/accueil,"Pour des gamins, ils font la cuisine très très bien.","Entre langue de veau et langues d’oursins, Les enfants du marché nous promettent un déjeuner qui aura du mordant !",http://trestresbon.fr/wp-content/uploads/2021/06/60b7a5651c04f.png,2026-02-06T16:55:40.905586
96,Montreuil sur Mer,,"15, Rue de l'Eglise",75048,Montreuil,Mairie de Montreuil,9,48.8639176,2.4426662,Le panier,Français,2,https://www.instagram.com/montreuil.sur.mer/?hl=fr,Bonne pêche à la poissonnerie Montreuil sur Mer !,"Dans cette adresse mi-poissonnier, mi-traiteur, le chef Lucas Carton prépare coquillages, accras et steak de merlu issu d'une pêche française.",http://trestresbon.fr/wp-content/uploads/2021/06/60b7a88d3df34.png,2026-02-06T16:55:40.905589
97,Anona,,"80, Boulevard des Batignolles",75017,Paris,Pont Cardinet,14,48.8820038,2.318627,La Table,Français,3,https://www.anona.fr/reservation,"Gastronomique, durable et responsable : ce restaurant est aussi chic qu'éthique.","De l'entrée au dessert, Anona satisfait les papilles des plus fins gourmets.",http://trestresbon.fr/wp-content/uploads/2021/06/60b7ab3ca5162.png,2026-02-06T16:55:40.905591
98,Yalil Le Bon Tunis,,"67, Rue des Dames",75017,Paris,Rome,2,48.8836293,2.3209539,Street-food,Tunisien ,1,https://www.instagram.com/yalil_le_bon_de_tunis/?hl=fr,Des casse-croûtes et fricassés qui cassent la baraque !,Une cantine qui revisite très très bien les classiques de la cuisine tunisienne.,http://trestresbon.fr/wp-content/uploads/2021/06/60b8a5bfab71e.png,2026-02-06T16:55:40.905594
99,Le Chateaubriand,,"129, Avenue Parmentier",75011,Paris,Belleville,11,48.8693593,2.371314,La Table,Français,2,https://www.lechateaubriand.net/,Le Chateaubriand ôte sa veste de restaurant étoilé pour revêtir celle d'offre à emporter !,"Antony Cointre prend ses aises dans les cuisines de Très Très Bon et dégotte des pizzas de compète. Il fait un détour par Le Cave, le coin à emporter et déniche une cuvée primeur . 
Quand le Chateaubriand s'attaque à la pizza, c'est molto buono !",http://trestresbon.fr/wp-content/uploads/2021/06/60b8a9a8a703e.jpg,2026-02-06T16:55:40.905596
100,Café du Coin,,"9, Rue Camille Desmoulins",75011,Paris,Voltaire,9,48.8590163,2.3809678,La Table,Italien,2,https://www.instagram.com/cafe_du_coin/?hl=fr,Un petit coin de paradis aux accents d'Italie.,"Avec sa formule bon marché : des pizzettes aux tapassiettes, risotto aux encornets et puntarelle, mousse de chataigne-cédrat, le tout pour 20 €, le Café du Coin nous en bouche un coin !",http://trestresbon.fr/wp-content/uploads/2021/06/60b8aade7cc32.png,2026-02-06T16:55:40.905599
101,Papi,,"46, Rue Richer",75009,Paris,Grands Boulevards,9,48.8742009,2.3437086,La Table,Italien,2,https://www.papirestaurant.fr,"Papi, papi.. Papi go go !","Pâte à pizza au levain, pâtes fraîches et entrées très soignées, ce resto de quartier fait l'unanimité.",http://trestresbon.fr/wp-content/uploads/2021/06/60b8b1a26f0af.png,2026-02-06T16:55:40.905603
103,Loutsa Torréfacteur,,"1, Rue de Bazeilles",75005,Paris,Censier-Daubenton,7,48.8392618,2.3503226,Le panier,Français,3,https://www.loutsa.fr/,Envie d'un très bon kawa pour finir le repas ? Direction Loutsa !,"Arabica bio torréfié sur place, des dizaines de références d'Amérique Latine, d'Afrique et d'Indonésie, des saveurs cacaotées ou épicées, il y a tout ce que vous voulez en matière de café !",http://trestresbon.fr/wp-content/uploads/2021/06/60b8e45940d5a.png,2026-02-06T16:55:40.905605
104,Mam,,"22, Rue Fourcroy",75017,Paris,Ternes,2,48.8811709,2.2983678,La Table,Bistronomique ,4,https://www.mamparis.com/,Mam par Stéphanie Le Quellec sert sa cuisine de maison à Très Très Bon.,"François-Régis Gaudry et Jérôme Gagnez se font un festin avec l'offre à emporter de la cheffe étoilée. Au programme: escargots de Bourgogne, blanquette de veau infusée au café, et Paris-Brest de Pierre Chirac.",http://trestresbon.fr/wp-content/uploads/2021/06/60b8f3bf65d52.png,2026-02-06T16:55:40.905608
105,Les Bières de Belleville,,"9, Rue Jean-Baptiste Dumay",75020,Paris,Jourdain,11,48.8743728,2.3876996,Cave,Vins,1,https://www.instagram.com/lesbieresdebelleville/?hl=fr,Les Bières de Belleville sont toutes fraîches dans le XXe arrondissement.,Une bière au céleri ça vous dit ? Cette nouvelle brasserie tente le coup et c'est un pari réussi !,http://trestresbon.fr/wp-content/uploads/2021/06/60b901558b391.png,2026-02-06T16:55:40.905610
106,Kémia,,"1, Rue Bergère",75009,Paris,Bonne nouvelle,8,48.8719938,2.3476571,La Table,Bistrot,3,https://kemia.business.site/,Il fait bon avoir Kémia en bas de chez soi !,"Soupe de pain au foie gras jusqu'à ascencion du Mont Blanc, du très bon du dessert au plat !",http://trestresbon.fr/wp-content/uploads/2021/06/60b9f01b9d7a2.jpg,2026-02-06T16:55:40.905612
107,Le P'tit Pinard,,"18, Rue Saint-Ambroise",75011,Paris,Rue Saint-Maur,3,48.8624075,2.3781665,Cave,Vins,2,https://www.leptitpinard.fr/,"Le P'tit Pinard, à en croire le nom il y a de quoi boire !",Gwilherm de Cerval joue aux accords mets et vins dans la cave/bar à vins du P'tit Pinard !,http://trestresbon.fr/wp-content/uploads/2021/06/60b9f827e188e.png,2026-02-06T16:55:40.905615
108,Lazare,,Parvis de la gare Saint-Lazare,75008,Paris,Saint-Lazare,3,48.8763009,2.3254025,La Table,Brasserie,3,https://lazare-paris.fr/,"A bord du Lazare, François-Régis Gaudry et son invité Victor Coutard embarque dans la cuisine de gare du chef Eric Fréchon !","Œufs mimosa, tartiflette, tarte au chocolat... La table ferroviaire du chef est une relecture presque idéale de la brasserie de gare !",http://trestresbon.fr/wp-content/uploads/2021/06/60ba001046162.png,2026-02-06T16:55:40.905617
109,La Petite Epicerie de la Tour,,"13, Quai de la Tournelle",75005,Paris,Sully-Morland,7,48.8496946,2.3552241,Le panier,Français,2,https://boutique.tourdargent.com/fr/15-epicerie-fine,"Après la rôtisserie et la boulangerie, ce mythique restaurant parisien vient d'ouvrir sa petite épicerie !","Un garde manger d'exception, du salé au sucré, la tour d'argent est au sommet !",http://trestresbon.fr/wp-content/uploads/2021/06/60ba11b1062a7.jpg,2026-02-06T16:55:40.905621
110,Le Château de ma Reum,,"16, Rue Durantin",75018,Paris,Abesses,12,48.88582659999999,2.3371338,Cave,Vins,2,https://www.instagram.com/chateau_de_ma_reum/?hl=fr,Le Château de ma Reum met de la gloire dans nos verres !,"Dégustation à l'aveugle avec le sommelier de l'hôtel Le Bristol Paris. 
Sur la table, un viognier et un grenache exclusivement du sud !",http://trestresbon.fr/wp-content/uploads/2021/06/60ba322bf00b6.png,2026-02-06T16:55:40.905624
111,Le Louis XVI,,"47, Rue des Mathurins",75008,Paris,Chaussée d'Antin-La Fayette,9,48.8733117,2.3233372,La Table,Brasserie,3,https://lelouis16-paris.fr/fr,"Appel aux locavores, Le Louis XVI couronne les jardins d'Ile-de-France !","Face au square Louis XVI, cette brasserie envoie une cuisine bien sentie avec une carte des vins affutée. Lentilles béluga et œuf mollet ou échine de cochon rôti : les cheffes Sonia Benaouda et Elodie Da Silva Moura servent des plats tradis souvent bien twistés, à l'image de la soupe de carottes à la fleur d'oranger.",http://trestresbon.fr/wp-content/uploads/2021/06/60ba3b1620db7.jpg,2026-02-06T16:55:40.905627
112,Les Inséparables,,"16, Rue Saint-Ferdinand",75017,Paris,Ternes,2,48.8785921,2.2894136,Le panier,Français,3,https://www.instagram.com/inseparables.paris/?hl=fr,"Les Inséparables proposent trois compagnons de croûtes inséparables: le pain, le vin et le fromage !","Comme l'indique son nom, vous ne pourrez pas vous séparer des produits de cette fromagerie car ici ce n'est que des très très bon produits !",http://trestresbon.fr/wp-content/uploads/2021/06/60ba45e119fe7.jpg,2026-02-06T16:55:40.905630
113,La Pantruchoise,,"4, Rue de Navarin",75009,Paris,Saint-Georges,12,48.8795864,2.3395628,La Table,Bistrot,3,https://www.lapantruchoise.com/,"Pas de trucage avec La Pantruchoise, cette table met tous le monde d'accord !","Le neurobiologiste Gabriel Lepousez accorde mets et vins. Entre soupe à l'oignon, cabillaud rôti et mont-blanc, La Pantruchoise anime nos papilles !",http://trestresbon.fr/wp-content/uploads/2021/06/60ba53d2d714d.jpg,2026-02-06T16:55:40.905633
114,Maison Auguste,,"215, Rue de Vaugirard",75015,Paris,Volontaires,12,48.841741,2.309103,Le panier,Français,2,https://www.auguste-co.fr/password,La Maison Auguste augure d'un très bon !,Ce commerce de proximité regroupe l'essentiel du placard en bio et local jusqu'aux emballages. La maison prépare également ses popotes maisons et ca dépote !,http://trestresbon.fr/wp-content/uploads/2021/06/60bde6fb7950f.png,2026-02-06T16:55:40.905635
115,Chez Michel,,"10, Rue de Belzunce",75010,Paris,Gare du Nord,4,48.879539,2.3523038,La Table,Bistronomique ,3,https://www.restaurantchezmichel.fr/,"Aux fourneaux de ce bistrot, le chef Masa Filadelfo succède à Thierry Breton !","Terrine de queue de bœuf, tripes, Paris-Brest, le chef met son savoir-faire dans les choses simples : du pain, du vin, et on est bien Chez Michel !",http://trestresbon.fr/wp-content/uploads/2021/06/60bdee202f94b.jpg,2026-02-06T16:55:40.905638
116,Boulangerie Florent Toupin,,"65, Avenue des Gobelins",75013,Paris,Les Gobelins,7,48.8338857,2.3543292,Le panier,Boulangerie,2,https://www.instagram.com/florent_toupin/,La mie nous veut du bien chez Florent Toupin !,"Baguettes traditions et grosses miches biologiques, du bio jusqu'au levain qui nous fait du bien !",http://trestresbon.fr/wp-content/uploads/2021/06/60bdf2c713950.png,2026-02-06T16:55:40.905640
117,En Bas,,"85, Avenue des Ternes",75017,Paris,Ternes,2,48.8797321,2.2884742,La Table,Bistrot,3,https://www.restaurantenbas.com/,"Cuisine en haut et cave en bas, l'adresse régale à tous les étages !","Dans le XVIIème arrondissemnt, En Bas joue le registre bistrotier au rythme du tintement des quilles. En haut, chou farci et œuf-mayo ; en bas de quoi se rincer le gosier. Pas de carte des vins, on choisit directement dans la cave.",http://trestresbon.fr/wp-content/uploads/2021/06/60bdf902e125d.jpg,2026-02-06T16:55:40.905643
118,Caboulot Courbevoie,,"161, Rue Armand Silvestre",92400,Courbevoie,Pont de Levallois Bécon,3,48.90433609999999,2.273177,Cave,Vins,2,https://caboulotcourbevoie.fr/,"Notre pro du goulot, Gwilherm dégotte du bon jaja chez Caboulot !","Carbernet Franc ou Blanc de Noir, Caboulot fait du bon boulot !",http://trestresbon.fr/wp-content/uploads/2021/06/60be192f5a813.jpg,2026-02-06T16:55:40.905645
119,Pane e Olio,,"117, Avenue Mozart",75016,Paris,Jasmin,9,48.8504185,2.2672716,La Table,Italien,3,https://www.paneeolio.fr/,Toute la cuisine sicilienne chez Pane e Olio !,"A tavola avec Laura Zavan. Au menu, antipasti pizza frita, gnocchi alla tarentina et tiramisu. Alors ça vous botte ?",http://trestresbon.fr/wp-content/uploads/2021/06/60be1fde1c3ca.jpg,2026-02-06T16:55:40.905648
120,Folderol,,"10, Rue du Grand Prieuré",75011,Paris,Oberkampf,5,48.8652197,2.3692556,Le panier,Français,2,https://www.folderol.com/,"Entres quilles et boules, faites votre choix chez Folderol !","Du vin qui fait du bien et des glaces complètement folles, du très très bon chez Folderol !",http://trestresbon.fr/wp-content/uploads/2021/06/60be262df1468.jpg,2026-02-06T16:55:40.905650
121,Le Gaya,,"6, Rue de Saint-Simon",75007,Paris,Rue du Bac,12,48.8565779,2.3239868,La Table,Bistronomique ,3,https://pierregagnaire.com/restaurants/gaya,Embarquement immédiat au Gaya du chef Pierre Gagnaire !,"Ce titan de la cuisine marine propose de la poiscaille de haut niveau. La pêche du jour : haddock, maquereau et sole blanche. Attention, cette adresse va vous faire chavirer !",http://trestresbon.fr/wp-content/uploads/2021/06/60be2d9541898.png,2026-02-06T16:55:40.905653
122,O Fermier,,"39, Rue Mstislav Rostropovitch",75017,Paris,Brochant,13,48.8896399,2.3126373,Le panier,Français,2,https://www.ofermier.fr/,"O Fermier, un comptoir paysan à mi-chemin entre épicerie et marché de quartier !","On y trouve des produits fermiers en circuits courts et bio. 
Une chose est sûre, la ferme de la capitale vous attend de pied ferme !",http://trestresbon.fr/wp-content/uploads/2021/06/60be3a59483c0.jpg,2026-02-06T16:55:40.905656
124,La Dispensa Di Ottanta,,6 Rue de l'Arbalète,75005,Paris,Place Monge,7,48.8405092,2.3492624,Le panier,Italien,2,https://www.ottanta.org/home,C'est l'heure du mercato à La Dispensa Di Ottenta !,"Après la fabrique à mozza et l'atelier à pasta, Sara Lacomba lance son épicerie où l'on retrouve conserves, fromage ou encore charcuterie des Pouilles... Un très bon deal pour les fans d'Italie !",http://trestresbon.fr/wp-content/uploads/2021/06/60be47cb4b2fc.png,2026-02-06T16:55:40.905659
125,Cuisine,,"50, Rue Condorcet",75009,Paris,Anvers,2,48.8806027,2.343451,La Table,Bistrot,3,https://restaurantcuisine.fr/,"Ris de veau ou tartare de maquereau, le chef Takao Inazawa a de la suite dans les assiettes !","Mapo tofu tout fou, bœuf Stroganoff, tartes qui claquent... Pour cette table franco-japonisante, François-Régis Gaudry et le goût-en-train Antony Cointre sortent le très très bon !",http://trestresbon.fr/wp-content/uploads/2021/06/60be4d7cbe446.png,2026-02-06T16:55:40.905661
126,Champs Libres,,"222, Rue de Charenton",,,,0,0,0,Le panier,Français,2,https://www.instagram.com/champslibresmagasin/,"Filez sur le champ chez Champs libres, ces trésors fermiers sont à croquer !",,,2026-02-06T16:55:40.905664
127,Champs Libres,,"222, Rue de Charenton",75012,Paris,Dugommier,6,48.8402118,2.3880723,Le panier,Français,2,https://www.instagram.com/champslibresmagasin/,"Filez sur le champ chez Champs Libres, ces trésors fermiers sont à croquer !","Magasin de producteurs spécialisé dans les circuits courts, les produits proviennent d'un rayon de 100 km autour de Paris.
Fruits, légumes, viandes, épicerie fine, fromages, vin..., vous avez le champ libre sur la marchandise !",http://trestresbon.fr/wp-content/uploads/2021/06/60bf406c84916.png,2026-02-06T16:55:40.905666
128,Le Severo,,"8, Rue des Plantes",75014,Paris,Alésia,4,48.8319818,2.3245712,La Table,Bistrot,3,https://www.lesevero.fr/,Le Severo manie l'art du tartare avec brio !,"François-Régis et son compagnon de croute Jérôme Gagnez se font le bistrot viandare du chef Wiliam Bernet. Avis aux carnivores, c'est du très très haut niveau !",http://trestresbon.fr/wp-content/uploads/2021/06/60bf48aed943f.jpg,2026-02-06T16:55:40.905669
129,La Cave des Papilles,,"35, Rue Daguerre",75014,Paris,Denfert Rochereau,6,48.8343898,2.3282747,Cave,Vins,2,http://www.lacavedespapilles.com/,"Etes-vous prêt à casser la barique dans la Cave des Papilles, une des meilleures adresses de Paris !","Les quilles de la rue Daguerre se plaçent comme une institution des vins natures depuis 1996 à Paris. 
Venez redécouvrir un monument du pinard !",http://trestresbon.fr/wp-content/uploads/2021/06/60bf6e9518035.jpg,2026-02-06T16:55:40.905671
130,Mantchouk,,"13, Boulevard de la Tour-Maubourg",75007,Paris,La Tour-Maubourg,8,48.8609799,2.3105437,La Table,Russe,3,https://www.petrossian.fr/fr_fr/blog/mantchouk,L'offre à emporter Mantchouk du restaurant Petrossian voyage entre la Russie et l'Arménie.,"D'un côté  le bortsch, une soupe à la betterave, les pirojkis des feuilletés à la viande et un strudel pour la Russie. De l'autre, le sou bereck, des lasagnes aux épinards et les mantis, des raviolis au bœuf pour l'Arménie. 
Mantchouck, le petit garçon de Petrossian qui vous surprend !",http://trestresbon.fr/wp-content/uploads/2021/06/60bf7f7d40779.png,2026-02-06T16:55:40.905674
131,Les Pantins,,"8, Rue Victor Hugo",93500,Pantin,Hoche,5,48.8951968,2.4019932,Cave,Vins,2,https://www.instagram.com/lespantins_cave/?hl=fr,Envie de très bon vin ? Direction Les Pantins !,"Des vins naturels, de la bière, des spiritueux... Avec les Pantins, la soirée se prépare comme sur des roulettes !",http://trestresbon.fr/wp-content/uploads/2021/06/60bf897a23818.png,2026-02-06T16:55:40.905676
132,Canons,,"5, Mail Hélène Brion",93500,Pantin,Bobigny-Pantin-Raymond Queneau,5,48.89514630000001,2.4182154,Cave,Vins,2,https://www.instagram.com/canonspantin/?hl=fr,Canons fait trembler les bariques de Pantin !,"Tout est bio ou nature dans la cave du jeune caviste Jim Mougin. 
Loire, Bourgogne, Languedoc..., canon ces canons !",http://trestresbon.fr/wp-content/uploads/2021/06/60bf9228c457d.png,2026-02-06T16:55:40.905678
133,Mori Yoshida,,"65, Avenue de Breteuil",75007,Paris,Duroc,10,48.8480128,2.3123421,Bec sucré,Pâtisserie,2,http://moriyoshida.fr/,"Chez Mori Yoshida, ne vous attendez pas à trouver des pâtisseries japonaises !","Le chef a choisi de revisiter les classiques de la pâtisserie française : mille-feuille à la noisette , tarte au chocolat ou Saint-Honoré framboise-pistache.
La pâtisserie propose aussi tout un assortiment de chocolats et de viennoiseries. Becs sucrés, restez aux aguets !",http://trestresbon.fr/wp-content/uploads/2021/06/60c0c6dd8e806.png,2026-02-06T16:55:40.905682
134,Taco Mesa,,"2, Rue de Berne",75008,Paris,Europe,3,48.8801821,2.3240979,La Table,Mexicain,3,https://www.nevacuisineparis.com/,Les Tacos de Taco Mesa sont au taquet !,"Taco Mesa , c'est la taqueria à emporter du restaurant Neva Cuisine. Plutôt poulet, végé ou agneau ? Très Très Bon accorde une mention spéciale pour le guacamole citronné à tomber. Une chose est sûr, vous allez vous régaler !",http://trestresbon.fr/wp-content/uploads/2021/06/60c0d6f9d7b8a.png,2026-02-06T16:55:40.905685
135,Au Marché de la Côte d'Ivoire,,"66, Rue Doudeauville",75018,Paris,Château Rouge,4,48.88846119999999,2.3525243,Le panier,Africain,2,https://www.instagram.com/aumarchedelaciv/,"Au marché de la Côte d'Ivoire, il y a de quoi s'évader !","Une épicerie ivoirienne de plus de 25 ans avec des produits naturels et artisanaux qui viennent d'Abidjan, c'est au marché de la côte d'Ivoire !",http://trestresbon.fr/wp-content/uploads/2021/06/60c20c7a7e1ea.png,2026-02-06T16:55:40.905688
136,Au Crus de Bourgogne,,"3, Rue Bachaumont",75002,Paris,Etienne Marcel,4,48.8658229,2.3464376,La Table,Bistrot,4,http://www.auxcrusdebourgogne.com/,On se paie une bonne tranche de bistrot Aux Crus de Bourgogne !,"Pâté en croute, soufflé au compté, pommes de ris de veau à la Dijonnaise et omelette norvégienne... Toute la littérature du bistrot pur jus est réunie dans ce bistrot de franches camaraderies !",http://trestresbon.fr/wp-content/uploads/2021/06/60c227af74448.png,2026-02-06T16:55:40.905690
137,Mille et un,,"32, Rue Saint-Placide",75006,Paris,Saint-Placide,4,48.8486071,2.325418,Bec sucré,Pâtisserie,2,https://www.instagram.com/mille_et_1/?hl=fr,"Mille et un, voyage en Corée assuré !","Faites un détour par Séoul et venez déguster le Saeng Cream, une génoise montée en étage et recouverte de crème. Craquez aussi pour le Patpain, une brioche fourrée à la pâte de haricot rouge. Dans tous les cas, vous n'allez pas être déçu du voyage !",http://trestresbon.fr/wp-content/uploads/2021/06/60c23a6c2f753.png,2026-02-06T16:55:40.905693
138,Au Bon Endroit,,"50, Avenue Simon Bolivar",75019,Paris,Pyrenees,11,48.8765709,2.378448,La Table,Bistrot,2,https://aubonendroitparis.wordpress.com/,"Pour bien manger, on est Au Bon Endroit !","De la terrine au ceviche en passant par l'araignée, on déguste cette cuisine de marché corse en bas des Buttes !",http://trestresbon.fr/wp-content/uploads/2021/06/60c3281a91495.png,2026-02-06T16:55:40.905695
139,Amarante,,"4, Rue Biscornet",75012,Paris,Bastille,8,48.8496345,2.3700655,La Table,Français,3,https://www.amarante.paris,On s'amarre chez Amarante.,"Pintade, foie gras, cervelle et riz de veau, pour tous les viandars, cette table est pour vous !",http://trestresbon.fr/wp-content/uploads/2021/06/60c32e02d60ea.png,2026-02-06T16:55:40.905699
140,Tounsia,,"55, Rue de Paradis",75010,Paris,Poissonnière,7,48.8755906,2.3488055,Boui-boui,Tunisien ,2,https://tounsia.fr/fr,Un petit coin de Tunisie rue Paradis avec un des meilleurs couscous de Paris. On parie qu'il va vous secouer !,"Chapati, slata mechouia, mlawi... Du soleil dans l’assiette et des épices de Tunisie pour les papilles.",http://trestresbon.fr/wp-content/uploads/2021/06/60c713c904ab4.png,2026-02-06T16:55:40.905702
141,Bien Bien,,"30, Bis rue Bergère",75009,Paris,Grands Boulevards,9,48.87272309999999,2.3440778,Boui-boui,Thaïlandais,2,https://bienbienfamily.com/fr,"La cuisine thaïlandaise de tradition, c'est toujours bon quand c'est maison.","Pour être bien bien accueilli et retrouver les saveurs d’Asie, Bien Bien fait tout bien !",http://trestresbon.fr/wp-content/uploads/2021/06/60c716e28b287.png,2026-02-06T16:55:40.905704
142,Le Fleuve Rouge,,"1, Rue Pradier",75019,Paris,Pyrénées,11,48.8747784,2.381067,Boui-boui,Asiatique,2,https://www.facebook.com/LeFleuveRouge/,Un pad thaï de taille !,"Poulet curry, crevettes, porc ou boeuf sauté.. Petit budget mais gros plaisir chez la maison aux souvenir.",http://trestresbon.fr/wp-content/uploads/2021/06/60c71a7611cc9.png,2026-02-06T16:55:40.905707
143,Chez René et Gabin,,"92, Boulevard de Belleville",75019,Paris,Belleville,11,48.87032230000001,2.3793963,Boui-boui,Tunisien ,2,http://chez-rene-et-gabin.zenchef.com,Des spécialités tunisiennes qui ne nous laisse pas de brick !,Le casse-croûte est chouchouté et les plats traditionnels à tomber. On se fait kiffer sans se ruiner !,http://trestresbon.fr/wp-content/uploads/2021/06/60c71f9184840.png,2026-02-06T16:55:40.905711
144,Garni,,"35, Rue de la Condamine",75017,Paris,La Fourche,13,48.88655,2.3227833,Street-food,Français,2,https://www.garniparis.fr/nous-contacter/,Des casse-dalles bien Garni !,Des sandwichs français à base de produits frais et parfaitement sélectionnés.,http://trestresbon.fr/wp-content/uploads/2021/06/60c733a07b8a6.png,2026-02-06T16:55:40.905713
145,Mabrouk,,"64, Rue Réaumur",75003,Paris,Réaumur-Sébastopol,4,48.8661193,2.3535906,Street-food,Tunisien ,2,https://bookings.zenchef.com/results?rid=352916&fullscreen&lang=fr,On fait une partie de Tunis ?,"Brique, casses-croûte, salade tounsa, mechouia.. les essentiels d’une cantine tunisienne dans le 3ème !",http://trestresbon.fr/wp-content/uploads/2021/06/60c74c85797ab.png,2026-02-06T16:55:40.905717
146,Bricktop Pizza,,"153, Quai de Valmy",75010,Paris,Colonel Fabien,2,48.8780334,2.365523,Boui-boui,Italien,2,https://www.bricktoppizza.com/pizzeria-paris,"Le culte de la pizza au feu de bois, on se donne rendez-vous au bord du Canal pour ce casse-dalle.",Une pizza qui en a dans le canal pour moins de 15 balles ? On peut dire qu'on est au top chez Bricktop.,http://trestresbon.fr/wp-content/uploads/2021/06/60c8c4511074c.png,2026-02-06T16:55:40.905720
147,Cà Phê Broc'Ouest,,"111, Rue de l'Ouest",75014,Paris,Penerty,13,48.8337981,2.3153912,Boui-boui,Vietnamien ,2,https://www.facebook.com/caphebrocouest/,"Du Bo-Bùn à la soupe de nouilles, on a chiné de quoi se régaler.","Un bon spot abordable dans le 14 ème, un régal pour les adeptes de la cuisine viet !",http://trestresbon.fr/wp-content/uploads/2021/06/60c8c8bd6eb84.png,2026-02-06T16:55:40.905723
148,Chez Pradel,,"168, Rue Ordener",75018,Paris,Porte de Clignancourt,4,48.8939749,2.3350352,Boui-boui,Bistrot,2,https://www.facebook.com/Chez-Pradel-964999936992680/,"Une formule déjeuner à moins de 15 euros concoctée par un chef vraiment rigolo, ça a de quoi garantir un bon duo.","Coco nous cuisine les classiques du bistrot : salade de crudités, saumon fumé, bavette à l'échalote, confit de canard et pomme sautées. Une carte où chacun trouve de quoi se sustenter.",http://trestresbon.fr/wp-content/uploads/2021/06/60c9b9918f39a.png,2026-02-06T16:55:40.905725
149,La Feria,,"25, Rue Montgallet",75012,Paris,Montgallet,8,48.8438268,2.3882008,Boui-boui,Espagnol ,1,https://www.facebook.com/restaurant.la.feria/,"Bar à tapas et plats typiques hispaniques, chez José, on dit olé !","Poissons et calamars à la plancha, pulpo a la Gallega, paëlla sevillana, jambon ibérique et autres délices hispaniques, on file faire la fiesta à la Fiera.",http://trestresbon.fr/wp-content/uploads/2021/06/60c9c0d00d06f.png,2026-02-06T16:55:40.905728
150,Ma'Lucia,,"54, Rue Basfroi",75011,Paris,Voltaire,9,48.85661899999999,2.3781595,Boui-boui,Italien,1,https://malucia.business.site,Ça sent bon l'Italie dans ce boui-boui.,"Scaloppina à la milanese, parmigiana d'aubergines, lasagna... On dit grazie à la Mama pour ses boulettes et ses pastas.",http://trestresbon.fr/wp-content/uploads/2021/06/60c9c5e8c3a26.png,2026-02-06T16:55:40.905730
151,El Juanchito,,"69, Rue Folie Regnault",75011,Paris,Père-Lachaise,3,48.86196469999999,2.3852248,Boui-boui,Colombien,1,http://www.juanchito.net/index.php/fr/reservations,"Un voyage dans la capitale, la Colombie nous régale pour moins de 15 balles.","Un petit coin de paradis ou de Colombie ? Bandeja paisa, sancocho, sobrebarriga, pescado frito, et chuleta.. si ces noms vous sont inconnus, il est temps de voyager dans ce boui-boui au coeur Paris.",http://trestresbon.fr/wp-content/uploads/2021/06/60c9c8824dc21.png,2026-02-06T16:55:40.905733
152,L'Étoile Berbère,,"16, Rue des Vertus",75003,Paris,Arts-Et-Métiers,3,48.8643045,2.3579685,Boui-boui,Méditerranéen,2,https://letoileberbere.business.site/?fbclid=IwAR2UogmQPN8wjwMbiuuUg54vHmdJLNgQmpuvapZAK8xQ2q4JLxfX2GPGqBU,Une étoile nommée berbère pour un bon couscous pas cher.,"Des bricks et un choix de couscous infini, on a la tête dans les étoiles avec ce boui-boui.",http://trestresbon.fr/wp-content/uploads/2021/06/60c9ccf6c408d.png,2026-02-06T16:55:40.905735
153,Billot Club,,"105, Avenue de Saint-Ouen",75017,Paris,Guy Môquet,13,48.89427970000001,2.3276024,Le panier,Français,2,https://www.billot-club.com/,Pas de select pour les clients mais pour la viande chez Billot Club !,"A la tête de cette boucherie, charcuterie, traiteur, trois Billot man séléctionnent des viandes paysannes élévées en plein air. Et ici, pas de gâchis, tout est bon dans le cochon. 
Prenez un abonnement chez Billot Club, c'est du très très bon boulot !",http://trestresbon.fr/wp-content/uploads/2021/06/60ccab4cb760b.png,2026-02-06T16:55:40.905739
154,Onii-San,,"82, Rue des Archives",75003,Paris,Arts et Métiers,11,48.86297039999999,2.3606014,La Table,Japonais ,3,https://www.onii-san.fr/,"Onii-San, un bar à manger japonais aux allures de diner sous perfusion asiatique !","Entre un tartare de thon gras régressif avec une crème de wasabi qui piquotte les lèvres ou un wagyu sando, le fameux dwich japonais moelleux à souhait, le jeu de textures est dingue chez Onii-San.",http://trestresbon.fr/wp-content/uploads/2021/06/60ccb53f516a5.jpg,2026-02-06T16:55:40.905741
155,Boulangerie Léonie,,"96, Rue de Lévis",75017,Paris,Villiers,2,48.8849882,2.3113731,Bec sucré,Pâtisserie,2,https://www.instagram.com/leoniebakery/?hl=fr,La boulangerie Léonie anime le quartier des Batignolles !,"Léonie , c'est un sourcing de compète jusqu'à l'huile d'olive qui provient de leur propre olivier en Grèce. 
Entre viennoiseries, pâtisseries, tartes aux fruits, brownies, ou cookies, becs sucrés vous allez être servis !",http://trestresbon.fr/wp-content/uploads/2021/06/60d059210705d.png,2026-02-06T16:55:40.905744
156,Mardin Corba,,"19, Rue du Faubourg Saint-Denis",75010,Paris,Strasbourg Saint-Denis,4,48.8704859,2.3528571,Boui-boui,Turque,1,https://www.ubereats.com/fr/store/mardin-corba-salonu/am92Bg4mR0CAR-Sh_RRfbA,Mardin Corba est un vrai road-tripes de la soupe !,"Soupe aux tripes, aux lentilles ou aux haricots blancs... Cette spécialité turque va vous prendre aux tripes et pour seulement 4,50€.",http://trestresbon.fr/wp-content/uploads/2021/06/60d34401acc6b.jpg,2026-02-06T16:55:40.905746
157,Epicerie Loïc B,,"7, Rue Sedaine",75011,Paris,Bréguet-Sabin,5,48.855731,2.3714256,Le panier,Français,2,https://epiceriedeloicb.com/,L'épicerie Loïc B avec un b comme un très bon !,"Le chroniqueur gastronomique Loïc Ballet quitte les planches de la radio pour silloner les routes de France à la rencontre des producteurs. Il vous déniche du fromage, des conserves artisanales ou des épices de toute la France. 
Un sourcing à féliciter !",http://trestresbon.fr/wp-content/uploads/2021/06/60d34b766927b.png,2026-02-06T16:55:40.905749
158,Pétrelle,,"34, Rue Petrelle",75009,Paris,Barbès-Rochechouart,2,48.8809526,2.346664,La Table,Français,4,https://www.petrelle.fr/,Dîner en toute intimité au restaurant Pétrelle !,"Venez découvrir cette expérience intemporelle aux allures de dîner aux chandelles. Au menu du soir: feuilles d'aubergines croustillantes, selle de veau rôtie et ganache au chocolat.",http://trestresbon.fr/wp-content/uploads/2021/06/60d35bba780a3.png,2026-02-06T16:55:40.905751
159,Coyo Taco,,"128, Rue Réaumur",75002,Paris,Bourse,3,48.86837149999999,2.3432602,Street-food,Mexicain,2,https://app.skeat.fr/menu/em9uZTpIeTdhNU5MQnY=,La chaîne Coyo Taco made in USA débarque en France et pimente le quartier de la bourse !,"Ces tacos de choc font leur propres tortillas maison. Entre tacos, burritos et quesadillas, vous allez être au tac au tac avec le Mexique.",http://trestresbon.fr/wp-content/uploads/2021/06/60d44dac6888b.png,2026-02-06T16:55:40.905754
160,Melt Taqueria,,"32, Rue Ramey",75018,Paris,Château Rouge,4,48.88917619999999,2.3465538,Street-food,Mexicain,2,https://melt-taqueria.fr/fr,"Melt Taqueria, le bar à taco aux accents texan !",Envie de bons tacos tout chaud ? Filez chez Melt Taqueria pour sa poitrine de black angus ou son pulled pork fumé.  Ils vont vous réveiller le taco.,http://trestresbon.fr/wp-content/uploads/2021/06/60d453d2d1170.jpg,2026-02-06T16:55:40.905756
161,Anatolie Dürüm,,"9, Rue de la Harpe",75005,Paris,Odéon,4,48.8527448,2.3447213,Boui-boui,Turque,1,http://anatolie-durum.fr/,"La saison des grillades, c'est toute l'année chez Anatolie Dürüm !","Dans l'assiette, le dürüm, cette fameuse galette turque est accompagnée de blé, d'une salade composée et des grillades, la spécialité de la maison. Prêt à vous faire griller la pillule ?",http://trestresbon.fr/wp-content/uploads/2021/06/60d45aca45494.png,2026-02-06T16:55:40.905760
162,Thaï Kamkoun,,"13, Rue Blondel",75002,Paris,Bonne Nouvelle,8,48.8687018,2.3533871,Boui-boui,Thaïlandais,1,https://thaikamkoun.business.site/,Thaï Kamkoun a la réputation de faire de la bonne bouffe thaï !,"Pad thaï, tartare de boeuf, de porc... On saute de joie pour un riz sauté à 9 € chez ce boui-boui de folie.",http://trestresbon.fr/wp-content/uploads/2021/06/60dadf864228c.jpg,2026-02-06T16:55:40.905763
163,Chez Louis,,"13, Rue des Ardennes",75019,Paris,Ourcq,5,48.8880104,2.386211,Boui-boui,Français,1,https://www.tripadvisor.fr/Restaurant_Review-g187147-d3704509-Reviews-Chez_Louis-Paris_Ile_de_France.html,"Le vrai bistrot frenchie, c'est Chez Louis !",Le chef Sam prépare avec amour une blanquette de veau bonne et pas chère et ça donne envie.,http://trestresbon.fr/wp-content/uploads/2021/06/60daebe2d622d.jpg,2026-02-06T16:55:40.905766
164,Coin-Op Table,,"17, Rue Maubeuge",75009,Paris,Notre-Dame-de-Lorette,0,48.8777676,2.3434762,Boui-boui,Chinois,1,https://coin-op-table.com/,"Coin-Op Table rime avec manger, boire et jouer !","Ce boui-boui mèle les influences taïwanaises et françaises pour un mix fusionnel. 
Allez y mettre un jeton avant de payer l'addition.",http://trestresbon.fr/wp-content/uploads/2021/06/60daf6b23b673.jpg,2026-02-06T16:55:40.905769
165,Le Kompressor,,"72, Rue du Ruisseau",75018,Paris,Simplon,4,48.8952384,2.34119,Boui-boui,Africain,1,https://restaurant-kompressor.business.site/,"Le Kompressor, une référence pour manger ivoirien à Paris !","A Abidjan, on sait recevoir avec un plat de sauce claire à base de tomates, viandes et poissons où il y a de quoi manger pour quelques jours.
Un conseil, déplacez vous au Kompressor pour y voir plus clair dans la sauce claire des Ivoiriens.",http://trestresbon.fr/wp-content/uploads/2021/06/60db154fe5a27.png,2026-02-06T16:55:40.905771
166,Paris Féni,,"15, Bis Rue des Ternaux",75011,Paris,Parmentier,3,48.864466,2.3729582,Boui-boui,Indien ,1,https://www.parisfeni.com/,Un Paris-Féni au prix du boui-boui !,Fait esclale à Féni en plein Paris pour goûter ce curry au riz basmati et légumes rôtis qui vous envoie à l'autre bout du pays.,http://trestresbon.fr/wp-content/uploads/2021/06/60db2145d0c1d.png,2026-02-06T16:55:40.905774
167,Bar à Momos,,"218, Rue du Faubourg Saint-Antoine",75012,Paris,Faidherbe-Chaligny,8,48.8495707,2.3870696,Boui-boui,Chinois,1,https://www.just-eat.fr/menu/restaurant-tibetain-bar-a-momos-banak,Le Bar à Momos manie l'art des raviolis tibétains !,"Aux manettes, le Lucky Luke des momos prépare une soupe de raviolis cuite à la vapeur, mijotée et épicée. 
Foncez faire le plein de soupe, ce tibétain est un p'tit bon plan.",http://trestresbon.fr/wp-content/uploads/2021/06/60db291bdbb99.jpg,2026-02-06T16:55:40.905776
168,Le Myrha,,"70, Rue Myrha",75018,Paris,Château Rouge,4,48.8868756,2.3511467,Boui-boui,Végétarien,1,https://www.instagram.com/lemyrha/?hl=fr,La cantine Le Myrha garantie une cuisine 100% végan et bio !,"Ici pas d'œuf, pas de viande, ni de lait. Les steaks des burgers sont remplacés par des steaks de falafel. 
Le bon plan pour manger végé sans se ruiner.",http://trestresbon.fr/wp-content/uploads/2021/06/60db31c5a72fc.png,2026-02-06T16:55:40.905782
169,Le Lagoa,,"13, Rue Montcalm",75018,Paris,Lamarck Caulaincourt,12,48.892485,2.3364328,Boui-boui,Portugais ,2,https://www.facebook.com/Restaurant-Lagoa-Paris-18-eme-1766636810269366/,"Le Lagoa, une cantine aux accents portugais et brésiliens où tout va todo bien !","Sans escale entre la morue au vin blanc et le sauté de porc aux palourdes, un petit concentré de cuisine portugaise au coeur du Brésil dans ce boui-boui.",http://trestresbon.fr/wp-content/uploads/2021/06/60db3e670c81e.jpg,2026-02-06T16:55:40.905786
170,Kibélé,,"12, Rue de l'Echiquier",75010,Paris,Strasbourg Saint-Denis,4,48.8713618,2.3521114,Boui-boui,Turque,1,http://kibele.fr/,Turc de ouf le Kibélé fait à manger et café-théâtre !,"Viande grillée, yaourt acidulé, le tout sans se faucher, c’est chez Kibélé Café-Théâtre !",http://trestresbon.fr/wp-content/uploads/2021/06/60db470212824.jpg,2026-02-06T16:55:40.905789
171,Le Comptoir Japonais,,"3, Rue Ternaux",75011,Paris,Oberkampf,9,48.8640982,2.3721501,Boui-boui,Japonais ,2,https://www.facebook.com/LeComptoirJaponais/,"Le temps d'un bento, on peut se croire à Kyoto.",Ici pas de brochette au fromage mais un bento tout droit sorti du potager à un prix léché. On s'accoude à ce comptoir qui a laissé les menus à rallonge de côté pour préférer des bons plats mijotés.,http://trestresbon.fr/wp-content/uploads/2021/06/60dc9a4f1aeba.png,2026-02-06T16:55:40.905791
172,Chez Nouilles,,"1, Rue Faidherbe",75011,Paris,Faidherbe-Chaligny,8,48.8506604,2.3841726,Boui-boui,Chinois,1,https://www.facebook.com/Chez-nouille-609322209157274/,"Ne soyez pas nouilles, filez Chez Nouilles !","Pour un boui-boui de nouilles maison, bon, rapide et pas cher, ça se passe Chez Nouilles.",http://trestresbon.fr/wp-content/uploads/2021/07/60ddce5eec464.jpg,2026-02-06T16:55:40.905794
173,Sürpriz- Berliner Kebab,,"110, Rue Oberkampf",75011,Paris,Parmentier,3,48.865999,2.379091,Street-food,Sur le pouce,2,https://surpriz.paris/,"Sürpriz, le kebab berlinois s'implante à Paris !","Un kebab pain pide, trio de sauces, broche de poulet allemand, crudités et feta fidèle à la promesse berlinoise, c'est la surprise d'un kebab d'honneur.",http://trestresbon.fr/wp-content/uploads/2021/07/60dde480f3e92.png,2026-02-06T16:55:40.905798
174,Gemüse-Berliner Kebap,,"61, Rue Ramey",75018,Paris,Jules Joffrin,12,48.8905173,2.3453026,Bec sucré,Sur le pouce,2,https://gemuseparis.fr/,Gemüse-Berliner Kebap manie l'art de la broche avec brio !,"On vous a dégotter l'adresse idéale pour les amoureux de sandwich au pain pide bien garnis de légumes et poulet grillé à la broche maison. 
Bonne pioche pour cette broche !",http://trestresbon.fr/wp-content/uploads/2021/07/60dee6207f763.png,2026-02-06T16:55:40.905801
175,Buffet Sandwicherie Fine,,"11, Rue Muller",75018,Paris,Barbès-Rochechouart,4,48.8864964,2.3461737,Street-food,Français,2,https://www.instagram.com/buffetsandwicheriefine/?hl=fr,Du sandwich et du junk chez Buffet Sandwicherie Fine !,"Américains ou français, hot dog ou croque-monsieur, cette sandwicherie en a dans le buffet.",http://trestresbon.fr/wp-content/uploads/2021/07/60def166e08b6.jpg,2026-02-06T16:55:40.905804
176,Circus Bakery,,"63, Rue Galande",75005,Paris,Maubert-Mutualité,10,48.8516784,2.3466548,Street-food,Boulangerie,2,https://flyingcircusparis.com/,Allez faire un saut sous le chapiteau de Circus !,"Après ses douceurs sucrées, Circus cartonne dans la street-food avec son sandwich végétarien au pain pizza façon pita cuit au feu de bois et garnis de légumes finement sourcés. Que du bonus pour Circus !",http://trestresbon.fr/wp-content/uploads/2021/07/60df0981809f2.jpeg,2026-02-06T16:55:40.905807
177,Tambo El Coche,,"21, Rue Godefroy Cavaignac",75011,Paris,Charonne,9,48.85511210000001,2.3809874,Street-food,Sud Américaine ,2,https://untambo.fr/,"En passant par le Pérou et la Bolivie, on attérit chez Tambo El Coche !","Sur un air latino,on déguste des empanadas lomo saltado, un tamal 
et une poyada.  
Question Amérique latine, Tambo assure dans la tambouille.",http://trestresbon.fr/wp-content/uploads/2021/07/60df158b99d56.png,2026-02-06T16:55:40.905809
178,Sonny's Pizza,,"5, Rue de la Fontaine au Roi",75011,Paris,Goncourt,11,48.8686986,2.3685834,Street-food,Américaine,2,https://www.sonnyspizza.fr/,American style chez Sony's Pizza !,"Pas de napolitaine, ni de romaine, mais des pizzas américaines ultra cheesy, ultra junk avec des produits direct d'Italie. 
Et même pas besoin de traverser l'Atlantique pour les dévorer.",http://trestresbon.fr/wp-content/uploads/2021/07/60df243939704.png,2026-02-06T16:55:40.905813
179,Riha Durum,,"1, Rue des Petits Carreaux",75002,Paris,Réaumur- Sébastopol,3,48.8664338,2.347006,Street-food,Kurde ,2,https://www.instagram.com/riha_durum/?hl=fr,"Chez Riha Durum, le sandwich fait boum !","Sandwich roulé, galette maison, brochette au charbon, boeuf, agneau ou poulet. Ces durum sont déments.",http://trestresbon.fr/wp-content/uploads/2021/07/60df33cc68692.jpg,2026-02-06T16:55:40.905816
180,Petit Plisson,,"14, Bis Rue des Petits Carreaux",75002,Paris,Réaumur- Sébastopol,3,48.8669047,2.3474056,Street-food,Français,2,https://lamaisonplisson.com/fr_FR/?gclid=Cj0KCQjw24qHBhCnARIsAPbdtlKxvLopCtKdc5s-Y19ukZ-vxV4FrAeP2Vy6OIoi8HVXtYnTVXJA0msaAgAgEALw_wcB,"Dans la famille Plisson, je demande Petit Plisson !","Epicerie de proximité, table de quartier, Petit Plisson prépare des recettes faites maison avec des produits de saison 7j/7 tôt le matin jusqu'à tard le soir. 
Du sandwich au plat chaud, c'est la version de poche de la Maison Plisson.",http://trestresbon.fr/wp-content/uploads/2021/07/60e2d36915178.jpeg,2026-02-06T16:55:40.905818
181,Elsa et Justin,,"202, Rue du Faubourg Saint-Martin",75010,Paris,Château Landon,7,48.8791922,2.3636386,Street-food,Français,2,http://elsa-justin.com/,"Chez Elsa et Justin, le végétal est roi !","Salades à partager, légumes rôtis et quelques cookies, Elsa et Justin, du sain et du très très bon.",http://trestresbon.fr/wp-content/uploads/2021/07/60e2ddc7cebb2.png,2026-02-06T16:55:40.905820
182,Montezuma café,,"15, Rue Notre Dame des Victoires",75002,Paris,Sentier,3,48.8682309,2.3416915,Street-food,Sur le pouce,2,https://www.montezumacafe.com/,"Montezuma café mixe bistronomie, vin natures et rock !","Fou de musique, de vin et de bonne bouffe, venez swinger au Montezuma café.",http://trestresbon.fr/wp-content/uploads/2021/07/60e2e6b22648e.png,2026-02-06T16:55:40.905823
183,Piou Piou,,"3, Rue Saint- Lazare",75001,Paris,Notre-Dame-de-Lorette,12,48.876804,2.3384727,Street-food,Sur le pouce,2,https://pioupiou.byclickeat.fr/order,Piou Piou donne des ailes au poulet !,"Ce spot travaille le poulet sous toutes ses formes: en bucket, en burger, rôti ou frit. 
Filez chez Piou Piou, pour croquer du gallinacé.",http://trestresbon.fr/wp-content/uploads/2021/07/60e2ecb1c154c.png,2026-02-06T16:55:40.905827
184,Mokoloco,,"74, Rue de Charonne",75010,Paris,Charonne,9,48.8534502,2.3800439,Street-food,Sur le pouce,2,https://www.mokoloco.fr/,Une cuisine muy loca chez Mokoloco !,"Bun maison, boulette katsou, veggie... Dingo les sandwichs de Mokoloco.",http://trestresbon.fr/wp-content/uploads/2021/07/60e30530f31e0.png,2026-02-06T16:55:40.905829
185,Umami Matcha Café To Go,,"5, Rue Pierre Demours",75017,Paris,Charles de Gaulle- Etoile,0,48.8665522,2.3636095,Street-food,Japonais ,2,https://www.umamiparis.com/matchacafe/,Umami Matcha café en version To Go !,"100% matcha, 100 % nippon, entre bento, donburi ou dorayaki, on fait miam au Umami matcha café.",http://trestresbon.fr/wp-content/uploads/2021/07/60e31109bebd8.png,2026-02-06T16:55:40.905832
186,Adria's Bakery,,"93, Rue de Reuilly",75012,Paris,Reuilly- Diderot,1,48.844307,2.3903233,Bec sucré,Pâtisserie,2,http://www.adriasbakery.com/,"Si vous voulez l'Amérique, vous l'aurez chez Adria's Bakery !","Carrot cake, brownie, cheescake, cupcake..des petits plaisirs mais un large choix de pâtisseries. Chez Adria's, on fait honneur à la West Coast et c'est very good.",http://trestresbon.fr/wp-content/uploads/2021/07/60e328877c826.png,2026-02-06T16:55:40.905834
187,Maison Gazelle,,"2, Rue Jean-Macé",75011,Paris,Charonne,0,48.8527911,2.3848312,Bec sucré,Pâtisserie,2,https://maisongazelle.com/,Maison Gazelle prend le sucre par les cornes !,"La maison allie rafinement marocain et élégance française pour
décliner la corne de gazelle sous différentes saveurs avec en bonus un sourcing pointu. Becs sucrés, accrochez bien vos papilles par les cornes.",http://trestresbon.fr/wp-content/uploads/2021/07/60e33100c898e.png,2026-02-06T16:55:40.905837
188,Fruttini by MO,,"24, Rue Saint-Placide",75006,Paris,Sèvres-Babylone,10,48.8491966,2.3249507,Bec sucré,Pâtisserie,2,https://shop.fruttinibymo.fr/,Fruttini by MO va vous rendre complètement givré !,"Ces fruits givrés sont vidés de leur pulpe et garnis de sorbet à tomber par terre. Entre fruit du dragon, tomate et datte, il y a 0 limites dans les créations. 
Ils sont complètement givrés les fruits chez Fruttini !",http://trestresbon.fr/wp-content/uploads/2021/07/60e42650b5c21.png,2026-02-06T16:55:40.905839
189,Florian Mésère Chocolatier,,"18, Rue de la Jonquière",75017,Paris,Guy Môquet,13,48.8935375,2.3257184,Bec sucré,Chocolatier,2,https://www.florianmesere.fr/,Les tablettes de Florian Mésère nous font fondre !,"Tablettes, pâtes à tartiner du tonnerre, chocolats et les pâtes de fruits de folie, Florian Mésère excelle dans tous les domaines.",http://trestresbon.fr/wp-content/uploads/2021/07/60e4312304668.png,2026-02-06T16:55:40.905841
190,Kreme,,"8, Place Emile Cresp",92120,Montrouge,Mairie de Montrouge,4,48.8189626,2.3191055,Bec sucré,Pâtisserie,2,https://www.kreme.fr/,La crème de la crème du salon de thé chez Kreme !,"Ici que de la très très bonne qualité avec des pâtisseries certifiées sans additifs, ni colorants. La saisonnalité rythme les créations, avec au choix des pâtisseries traditionnelles et des gâteaux de voyage. L'heure du goûter à sonner chez Kreme.",http://trestresbon.fr/wp-content/uploads/2021/07/60e4569bd07fd.png,2026-02-06T16:55:40.905844
191,Tartelettes,,"102, Rue Montmartre",75002,Paris,Bourse,3,48.867298,2.3442019,Bec sucré,Pâtisserie,2,https://www.tartelettes.fr/,Tartelettes c'est une vraie tarte de gourmandise !,Sourcing irréprochable pour cette adresse monomaniaque autour des tartelettes salées et sucrées. Plutôt pistache ou figue ? Et si vous veniez les croquer pour délibérer ?,http://trestresbon.fr/wp-content/uploads/2021/07/60e45da220afa.jpg,2026-02-06T16:55:40.905846
192,Mokonuts,,"5, Rue Saint-Bernard",75011,Paris,Faidherbe-Chaligny,8,48.8507972,2.3813871,Bec sucré,Pâtisserie,1,https://www.mokonuts.com/,Une pépite les cookies de Mokonuts !,"Fondant, croquant et énormes pépites de chocolat. On est tombé sur une autre pépite : leurs cookies aux graines de sésame.",http://trestresbon.fr/wp-content/uploads/2021/07/60e480c2799b1.png,2026-02-06T16:55:40.905849
193,Quatres Heures,,"95, Rue de Ménilmontant",75020,Paris,Ménilmontant,2,48.8690478,2.3908861,Bec sucré,Boulangerie,1,http://www.quatreheures.fr/,Des cookies pour Quatres Heures ?,"Un endroit qui fait la part belles aux cookies qu'ils soient au chocolat blanc, noir ou lait, au yuzu ou aux noix. A ne pas manquer pour la pause goûter.",http://trestresbon.fr/wp-content/uploads/2021/07/60e572c46bb50.png,2026-02-06T16:55:40.905852
194,Sucré Coeur,,"12, Rue Manuel",75009,Paris,Saint-Georges,12,48.8784479,2.3402165,Bec sucré,Pâtisserie,2,https://sucre-coeur.com/,Coup de coeur pour Sucré Coeur !,"Le labo de pâtisserie de Marie Dieudonné propose des délicatesses sans gluten, aux ingrédients bio et aux maximum français. Elle met tout son coeur dans ses cookies, ses cakes et ses entremets.",http://trestresbon.fr/wp-content/uploads/2021/07/60e57e06044c0.jpg,2026-02-06T16:55:40.905855
195,Plaq,,"4, Rue du Nil",75002,Paris,Sentier,3,48.8678568,2.3480217,Bec sucré,Chocolatier,2,https://plaqchocolat.com/,"Le chocolat de la fève au carré, Plaq en a dans la tablette !","Fève sourcée au Vénézuela et au Pérou, chocolat en plaques, moelleux et tarte au choc de choc'... La manufacture excelle dans l'art du chocolat. Vous vous faites un petit carré en or ?",http://trestresbon.fr/wp-content/uploads/2021/07/60e6cadca7928.png,2026-02-06T16:55:40.905857
196,Hôtel du Louvre,,Place André Malraux,75001,Paris,Palais Royal Musée du Louvres,1,48.8639731,2.3353367,Bec sucré,Français,2,https://www.hyatt.com/fr-FR/hotel/france/hotel-du-louvre/paraz,Du grand art pour le tea time de l'hôtel du Louvre !,"Plonger dans l'officine du Louvre pour déguster une farandole de gourmandises faite par le chef Julien Delhome. A la carte de ce tea time, saint-brest, tarte de saison, cake aneth-vanille, cookies et une boisson au choix. 
L'heure du thé à sonner.",http://trestresbon.fr/wp-content/uploads/2021/07/60e6d41a1989b.jpg,2026-02-06T16:55:40.905860
197,Le Bon Pâtisserie,,"68, Rue du Chemin Vert",75011,Paris,Saint-Ambroise,9,48.8598943,2.377643,Bec sucré,Pâtisserie,2,https://www.instagram.com/lebon.patisserie/?hl=fr,Le Bon porte très bien son nom !,"De la classique tarte au citron à la tarte rose-pamplemousse-pistache, la pâtisserie Le Bon ce n'est que du naturel et du bon !",http://trestresbon.fr/wp-content/uploads/2021/07/60e81e3f7b0d9.png,2026-02-06T16:55:40.905862
198,Babka Zana,,"65, Rue Condorcet",75009,Paris,Anvers,2,48.8802536,2.3413117,Bec sucré,Boulangerie,2,https://www.babkazana.com/,"Babka Zana, l'adresse dédiée à la brioche tressée des pays de l'Est !",Des brioches bien roulées à la pâte à tartiner de La Mère de Famille et des noisettes du Piémont. De quoi devenir baba de ces babkas.,http://trestresbon.fr/wp-content/uploads/2021/07/60e82667f2a9e.png,2026-02-06T16:55:40.905865
199,Cédric Grolet Opéra,,"35, Avenue de l'Opéra",75002,Paris,Opéra,0,48.86787289999999,2.3331021,Bec sucré,Pâtisserie,2,https://cedric-grolet.com/opera,"Filez chez Cédric Grolet, quantités limitées !","Grolet, le pâtissier aux 1 millions de followers propose les classiques. Du pain aux viennoiseries en passant par des pâtisseries. Chocolat d'Alain Ducasse, savoir-faire indéniable, sourcing irréprochable, si vous avez du temps à dépenser, c'est l'endroit rêvé.",http://trestresbon.fr/wp-content/uploads/2021/07/60e84e61cdcab.jpg,2026-02-06T16:55:40.905868
200,Les Climats,,"41, Rue de Lille",75007,Paris,Solférino,12,48.8587953,2.3282979,La Table,Bistronomique ,4,http://lesclimats.fr/,La météo au beau fixe au restaurant Les Climats !,"Dans un superbe patio sous les frondaisons, la table chic et étoilée, bercée par les vins de bourgognes offre un menu déjeuner ou initiation en 6 services pour les estomacs bien accrochés. 
Votre palais va-t-il s'acclimater au rouget et crevettes grises ou au canard au sang ?",http://trestresbon.fr/wp-content/uploads/2021/07/60e866c8b32d8.jpg,2026-02-06T16:55:40.905871
201,La Tour d'Argent,,"17, Quai de la Tournelle",75005,Paris,Maubert-Mutualité,10,48.84978659999999,2.3549468,La Table,Français,4,https://tourdargent.com/,La table de la Tour d'Argent prend de la hauteur !,"Ce monument de la gastronomie parisienne dégaine les couverts en argent avec son menu signature caneton face à une vue en or. 
Une montée vertigineuse vers la haute restauration.",http://trestresbon.fr/wp-content/uploads/2021/07/60e86ef274709.jpg,2026-02-06T16:55:40.905873
202,Fleur de Pavé,,"5, Rue Paul Lelong",75002,Paris,Bourse,3,48.8676824,2.343369,La Table,Gastronomique ,3,http://www.fleurdepave.com/,Fleur de Pavé tient le haut du pavé de la gastronomie !,"Une carte végétalisée aux couleurs de la maison, 2 options de dégustation entre cuisine ouverte avec comptoir à manger et table tradi, une adresse qui sent bon le très bon !",http://trestresbon.fr/wp-content/uploads/2021/07/60e877179b480.jpg,2026-02-06T16:55:40.905877
203,Gilberte,,"79, Rue de Seine",75006,Paris,Mabillon,10,48.8535871,2.3371142,La Table,Français,3,https://restaurant-gilberte.com/,"Amateurs de volailles et autres gibiers, filez chez Gilberte dans le quartier de Saint-Germain des Prés !","La carte très galinacée propose de la volaille sous toutes ses formes: rôti, bolognaise, nuggets, salade césar...
Gilberte, c'est l'histoire d'une poule de luxe plutôt alerte !",http://trestresbon.fr/wp-content/uploads/2021/07/60ec0efecb6b8.png,2026-02-06T16:55:40.905881
204,Mordu,,"2, Rue Félibien",75006,Paris,Mabillon,10,48.8524333,2.3365558,La Table,Bistrot,2,https://www.mordu.paris/,"Mordu, où se faire les dents !","Le branché du marché sort les crocs du bistrot. Belles cartes de vin d'auteur, décor à la hauteur, Mordu est la hauteur du mordu.",http://trestresbon.fr/wp-content/uploads/2021/07/60ec17c96145a.jpg,2026-02-06T16:55:40.905884
205,Contraste,,"18, Rue d'Anjou",75008,Paris,Madeleine,8,48.8704465,2.3213225,La Table,Gastronomique ,4,https://www.contraste.paris/,Le Contraste dresse le constat de la bistronomie !,"L'art du contraste et de la gastronomie est assurée avec textures et goûts qui s'opposent mais dont l'un révèle l'autre. 
Troublant mais étonnant ces jeux de consistances.",http://trestresbon.fr/wp-content/uploads/2021/07/60ec2173b2565.jpg,2026-02-06T16:55:40.905887
206,L'Avant-Poste,,"7, Rue de la Fidélité",75010,Paris,Jacques Bonsergent,5,48.8743281,2.3559794,La Table,Bistronomique ,3,ttps://www.lavantposteparis.fr,"L'Avant-Poste, en avant la cuisine engagée !","Une cuisine simple, goûteuse un sourcing militant comme on en voit rarement, un rapport qualité-prix épatant... Cette table fait la part belle au végétal.",http://trestresbon.fr/wp-content/uploads/2021/07/60ec38659f28a.png,2026-02-06T16:55:40.905889
207,Brasserie Lutetia,,"45, Boulevard Raspail",75006,Paris,Saint-Sulpice,4,48.8512444,2.3272378,La Table,Brasserie,3,https://www.hotellutetia.com/fr/brasserie,Cap sur Marseille !,"Embarquer dans une croisière de grand style à travers la méditerranée avec des plats aux accents de cité phocéenne comme le ceviche de thon, la classique soupe au pistou, sans oublier la bouillabaisse. Il fait bon vivre sur la côte-est !",http://trestresbon.fr/wp-content/uploads/2021/07/60ec406418c8f.jpg,2026-02-06T16:55:40.905892
208,La Scène,,"32, Avenue Matignon",75008,Paris,Miromesnil,9,48.870307,2.3113253,La Table,Bistronomique ,4,https://www.la-scene.paris/,Stéphanie Le Quellec entre en Scène !,"La carte est ambitieuse sur l'excellence de ses produits et dans ses prix, le confort et l'intimité dans un luxe désuet... La Scène, c'est le retour sur scène par loin de la seine d'une bête de scène.",http://trestresbon.fr/wp-content/uploads/2021/07/60ec4a926faff.png,2026-02-06T16:55:40.905894
209,Petit Navire,,"85, Rue Julien Lacroix",75020,Paris,Belleville,2,48.8717907,2.3825971,La Table,Bistrot,3,https://petitnavireparis.com/,Prenez la vague vers le quartier de Belville !,"Ce bistrot méditérranéen met les voiles en direction d'une traversée culinaire aux produits frais et bio et à l'ambiance popu de quartier. 
Petit Navire hisse un bon.",http://trestresbon.fr/wp-content/uploads/2021/07/60ec5683dde1b.png,2026-02-06T16:55:40.905897
210,Candide,,"35, Rue Sambre et Meuse",75010,Paris,Colonel Fabien,2,48.8745278,2.3736842,La Table,Bistrot,3,https://www.candide.paris/,Candide n'est candide que par son nom !,"L'adresse se présente comme une table vivante et bienveillante et elle est même très bonne. Avec une formule déjeuner qui ne dépasse pas les 20 €, Candide offre une préstation à la hauteur de sa pièce.",http://trestresbon.fr/wp-content/uploads/2021/07/60ec5df9597a3.jpg,2026-02-06T16:55:40.905900
211,Sadarnac,,"17, Rue Saint Blaise",75010,Paris,Porte de Montreuil,9,48.8596008,2.4051358,La Table,Bistrot,3,https://www.restaurantsadarnac.fr/,"Sadarnac, c'est pas une arnaque !","Mode d'emploi enfantin avec dégustation à l'aveugle pour ce bistrot néo-rétro. 
Un vrai travail de crac, Sardanac !",http://trestresbon.fr/wp-content/uploads/2021/07/60ec68693b26b.png,2026-02-06T16:55:40.905902
212,Pique Nique,,"14, Rue Bertin Poirée",75001,Paris,Pont Neuf,7,48.8588533,2.3449668,La Table,Français,3,https://piqueniqueparis.fr/,Pas besoin de nappe à carreaux pour aller pique-niquer chez Pique Nique !,"Une petite virée à la campagne ça vous chante ? Venez picorer des petites assiettes sur une carte bucolique plutôt végétale aux inspirations orientales et toscanes dans une ambiance champêtre. 
On est loin du pique nique tradi.",http://trestresbon.fr/wp-content/uploads/2021/07/60ec6fb10b4dc.jpg,2026-02-06T16:55:40.905906
213,Chez Fred,,"190, Boulevard Pereire",75017,Paris,Porte de Champerret,3,48.8813369,2.2898985,La Table,Bistrot,3,https://www.chezfreddepuis1945.com/,Chez Fred fait peau neuve !,"Dans cet ancien bouchon Lyonnais, on trouve tout d'un bistrot parigot: escargot de bourgogne, frisée aux lardons, poulet au vin jaune, île flottante...
Chez Fred régale les nostalgiques de la vieille France !",http://trestresbon.fr/wp-content/uploads/2021/07/60ed74a4b9fcf.png,2026-02-06T16:55:40.905909
214,Batifol,,"5, Rue du 8 mai 1945",75010,Paris,Gare de l'Est,7,48.8758937,2.3591167,La Table,Bistrot,3,https://www.batifol.paris/,"Batifol, le bistrot dont on raffole !","On s'encanaille dans une tranche du vieux Paris où la carte parle le parigot entre gratinée à l'oignon, rognon de veau, andouillettes, tartare...le tout au prix bouillon. 
Venez batifoler au Batifol entre deux trains.",http://trestresbon.fr/wp-content/uploads/2021/07/60ed95fdaaaf6.png,2026-02-06T16:55:40.905912
215,A Cursita,,"255, Rue du Faubourg Saint-Antoine",75011,Paris,Faidherbe-Chaligny,8,48.849888,2.3867582,La Table,Corse ,3,https://www.acursita.fr/,Ca sent bon le maquis chez A Cursita !,"Figatellu, curadella, cabri rôti à l'ail, daube de sanglier en finissant par une touche sucrée, le fiadone. Venez déguster les mets de l'île de beauté et choisisez votre camp celui de la cuisine de montagne bien fricotée et bien envoyée dans un bistrot authentique.",http://trestresbon.fr/wp-content/uploads/2021/07/60ed9f3f69100.png,2026-02-06T16:55:40.905915
216,La Table de Colette,,"17, Rue Laplace",75005,Paris,Cardinal-Lemoine,10,48.8472855,2.3472293,La Table,Gastronomique ,3,https://www.latabledecolette.fr/,"La Table de Colette, autoproclamée premier restaurant gastronomique francais 0 carbone !","La maison est attentive à son empreinte carbone dans sa globalité: éléctricté verte renouvellable, équipements de cuisine basse consomation... Mais le chef affiche d'autres engagements comme des produits de saison, locaux, vin en biodynamies... et en prime bilan carbone du menu affiché sur la carte. 
Et ici l'addition ne pèse pas trop lourd comme le bilan carbone de ce restaurant engagé.",http://trestresbon.fr/wp-content/uploads/2021/07/60edb53f94b98.jpg,2026-02-06T16:55:40.905917
217,Kitchen Galerie Bis,,"25, Rue des Grands Augustins",75006,Paris,Mabillon,10,48.8537624,2.3404342,La Table,Asiatique,3,https://zekitchengalerie.fr/restaurant/kitchen-galerie-bis/,KGB comme Kitchen Galerie Bis !,"Une cuisine d'ici et d'Asie plus d'autres touches d'ailleurs sans décalage horaire pour geuletonner des gnochis sardes aux touches asiat ou encore une poularde au shitake. 
KGB nous laisse bouche bée.",http://trestresbon.fr/wp-content/uploads/2021/07/60edbf2115384.jpg,2026-02-06T16:55:40.905920
218,Dupin,,"11, Rue Dupin",75006,Paris,Sèvres-Babylone,12,48.84979449999999,2.325474,La Table,Bistronomique ,3,https://www.restaurantdupin.com/,"Dupin, la table qui vous fait du bien !","Le chef Nathan Helo se veut écoresponsable et sensible à la cuisine végétale.  La preuve avec les intitulés de ses plats qui commencent uniquement avec des légumes. Au menu, oeuf de poule moules marinières pop corn et ris de veau carottes des sables. 
On est bien chez Dupin !",http://trestresbon.fr/wp-content/uploads/2021/07/60effddd87c9c.png,2026-02-06T16:55:40.905922
219,L'Abysse,,"8, Avenue Dutuit",75008,Paris,Champs-Elysées-Clemenceau,1,48.866794,2.3157695,La Table,Gastronomique ,4,https://www.yannick-alleno.com/fr/restaurants-reservation/restaurant-l-abysse.html,Yannick Alléno mène l'art du sushi à la baguette !,"Au coeur du pavillon LeDoyen se cache un bar à sushi, le plus réputé de la capitale avec 2 étoiles au guide Michelin. Pour débuter, des omakasés étoilés, et  pour continuer des sushis à tomber. Attention, l'addition rique d'être salée.",http://trestresbon.fr/wp-content/uploads/2021/07/60f007e4dd82f.png,2026-02-06T16:55:40.905925
220,Origines,,"6, Rue de Ponthieu",75008,Paris,Champs-Elysées-Clemenceau,1,48.870307,2.3113253,La Table,Gastronomique ,4,https://www.origines-restaurant.com/,Retour aux Origines de la gastronomie !,"Dans ce restau des beaux quartiers très bien sourcé, la matière première est vertueuse et l'assiette valeureuse. 
Un retour au source d'exception.",http://trestresbon.fr/wp-content/uploads/2021/07/60f0340c31c56.png,2026-02-06T16:55:40.905927
221,Peppe Pizzeria,,"2, Place Saint-Blaise",75020,Paris,Porte de Bagnolet,3,48.8603033,2.4037644,La Table,Italien,3,https://www.peppeparis.fr/,"Peppe Pizzeria, le roi de la pizza !","Le chef Giuseppe Cuttraro, champion du monde de la pizza napolitaine frabrique des pizzas contemporaine napolitaine. A la carte, une margarita ou sa pizza championne du monde à base de tomate jaune,  jambon san daniele, bufala, amande toastées et confiture de figues. 
Un voyage dans les règles de la pizza à la fois traditionnelle et contemporaine.",http://trestresbon.fr/wp-content/uploads/2021/07/60f0435324f68.png,2026-02-06T16:55:40.905930
222,A l'Epi d'Or,,"25, Rue Jean-Jacques-Rousseau",75001,Paris,Louvre-Rivoli,1,48.8628933,2.3410244,La Table,Bistrot,3,http://www.jeanfrancoispiege.com/fr/restaurants/Alepidor,On prend de la graine A l'Epi d'Or de Jean-François Piège !,"Pas de détour ni de contour, on va droit au but avec une formule déjeuner qui varie selon les jours de la semaine. Au menu du jour, salade de mesclun zinzin, hachis parmentier archi bon et nougat glacé complètement frappé. 
Belle moisson A l'Epi d'Or.",http://trestresbon.fr/wp-content/uploads/2021/07/60f04dd02385f.png,2026-02-06T16:55:40.905933
223,Pantagruel,,"24, Rue du Sentier",75002,Paris,Sentier,3,48.8696607,2.3463406,La Table,Gastronomique ,3,https://www.restaurant-pantagruel.com/,Déjeuner gargantuesque au Pantagruel !,"Le menu joue la carte de l'accessibilité avec peu de propositions et des plats comme la volaille en puissance 3. 
Niveau quantités, Pantagruel tient ses promesses.",http://trestresbon.fr/wp-content/uploads/2021/07/60f05f7722d80.png,2026-02-06T16:55:40.905937
224,Alma Grown in town,,"17, Rue Keller",75011,Paris,Charonne,9,48.8547027,2.3757142,Le panier,Français,2,https://almagrownintown.fr/?gclid=CjwKCAjw3MSHBhB3EiwAxcaEu9_QCymyIMpdBMNqjSbBkXwcNa5goYfS-JQcqXU2NuojCcLJA2mG1xoCXHYQAvD_BwE,Alma grown in town ramène l'agriculture sur Paris !,"Des produits qui poussent sur les toits de Paris comme les fraises dans des conteneurs ou le miel des ruches de Paris, des ustensiles pour cultiver à la maison, Alma fait le pont entre Paris et les produits.",http://trestresbon.fr/wp-content/uploads/2021/07/60f17d5c1c4ab.png,2026-02-06T16:55:40.905939
225,La Cidrerie,,"51, Quai de Valmy",75010,Paris,Goncourt,11,48.87020829999999,2.3656086,Cave,Vins,2,https://la-cidrerie.com/,La Cidrerie Paris ne se paie pas d’votre pomme !,"Ce bar à cidre propose une quarantaine de références de Bretagne, Normandie, Pays-Basque et même de Suède. La prise de mousse est traditionnelle et la bouteille va de 15 à 20 €. 
Ce cidre va vous faire tomber dans les pommes.",http://trestresbon.fr/wp-content/uploads/2021/07/60f18641b25ae.png,2026-02-06T16:55:40.905942
226,Crème,,"6, Rue Julien Lacroix",75020,Paris,Ménilmontant,2,48.8688115,2.3861269,Le panier,Fromagerie ,2,https://www.facebook.com/crememenilmontant/,La crème de la crème chez Crème !,"Des fromage à 90 % de lait cru issus de petits producteurs fermiers et à prix d'or, ça passe crème chez Crème.",http://trestresbon.fr/wp-content/uploads/2021/07/60f18dd441e6b.jpg,2026-02-06T16:55:40.905944
227,Les Cuves de Fauve,,"64, Rue de Charonne",75011,Paris,Charonne,9,48.8532723,2.3790492,Cave,Vins,1,https://fauvebiere.com/,"Ici pas de krav maga, ni de craft papier mais des Fauve craft bières !","Un bistrot à bière au label made in USA, des bouteilles au design unique, des bières brassées sur place et à l'étranger ou des assiettes à partager. On voit la vie en couleurs au Cuves de Fauve.",http://trestresbon.fr/wp-content/uploads/2021/07/60f19552254a5.png,2026-02-06T16:55:40.905947
228,Yorgaki Café,,"45, Rue des Martyrs",75009,Paris,Notre-Dame-de-Lorette,12,48.8797028,2.3400276,Le panier,Grecque,2,https://www.yorgaki.fr/,L'apéro à la grec à sonné chez Yorgaki Café !,"Une enclave grecque qui propose l'unique café grec à Paris servis chaud ou froid mais aussi une petite séléction de produits d'épiceries. 
Ca nous donne envie de danser le sirtaki chez Yorgaki.",http://trestresbon.fr/wp-content/uploads/2021/07/60f19cdedbced.png,2026-02-06T16:55:40.905949
229,Archi-Boucher,,"22, Rue de l'Eglise",93100,Montreuil,Mairie de Montreuil,0,48.8637581,2.4432356,Le panier,Boucherie ,2,https://www.facebook.com/TheButcher93100/,Archi bon cet Archi-Boucher !,"L'adresse carnassière est parfaite pour les amateurs de bonnes viandes en direct des éleveurs. 
Le dénominateur commun ? Un élevage responsable 
On s'en paye une tranche ?",http://trestresbon.fr/wp-content/uploads/2021/07/60f3e574d65ae.png,2026-02-06T16:55:40.905951
230,Zaza,,"51, Passage Choiseul",75002,Paris,Pyramides,0,48.874276524640464,2.3858603917505627,Street-food,Méditerranéen,2,https://www.instagram.com/zazapitazza/?hl=fr,"Yoni Saada revient avec une nouvelle adresse de street food méditerranéenne. Au menu, pitas levantines à toutes les sauces.","Poulet shawarma, épaule d'agneau confite, thon ortiz, la pita se décline pour tous les goûts chez Zaza. Côté sides, c'est les saveurs méditerranéennes que Yoni Saada met en avant : baba ganoush, houmous, labné. Mention spéciale pour la harissa maison qui réchauffe les coeurs et les papilles.",http://trestresbon.fr/wp-content/uploads/2022/01/61f0089576340.jpg,2026-02-06T16:55:40.905954
231,Champion,,,,,,0,0,0,Bec sucré,Bistrot,1,https://www.instagram.com/accounts/login/?next=/champion.bistro/,Une popote de bistrot aux influences aussi variée que les voyages des compères à l'origine de cette adresse de quartier.,"La recette pour un repas de champion ? Quatre copains, un melting pot d'influences et un plat du jour qui change tous les midis à moins de 12€.",,2026-02-06T16:55:40.905957
